M01,M02,M03,M04,M05,M06,M07,M08,M09,M010,M011,M012,M013,M014,M015,M016,M017,M018,M019,M020,M021,M022,M023,M024,M025,M026,M027,M028,M029,M030,M031,M032,M033,M034,M035,M036,M037,M038,M039,M040,M041,M042,M043,M044,M045,M046,M047,M048,M049,M050,M051,M052,M053,M054,M055,M056,M057,M058,M059,M060,M061,M062,M063,M064,M065,M066,M067,M068,M069,M070,M071,M072,M073,M074,M075,M076,M077,M078,M079,M080,M081,M082,M083
gene  1,0,0,0,0,0,0,0,2.87799118332661,0,0,0,0,0,0,0,0,0,2.76233604598158,0,0,0,0,0,0,0,0,0,0,0,3.52966631275066,0,0,0,0,0,0,0,0,0,0,0,0,0,0,0,2.51999796959927,0,0,0,0,0,0,0,0,0,0,0,0,0,0,0,0,0,0,0,0,0,0,0,0,0,0,0,0,0,0,0,0,0,0,0,0,0
gene  2,0,0,0,0,0,0,1.64898177957307,0,0,0,0,0,0,0,0,0,0,0,0,0,0,0,0,0,0,0,0,0,0,0,2.82795832328288,0,0,0,0,2.86697506219861,0,0,0,0,0,0,0,0,0,0,0,0,0,0,0,0,0,0,0,0,0,0,0,0,0,2.69932057657129,0,0,0,0,0,0,0,0,2.90206446205225,0,0,0,0,2.64175437844846,0,0,0,0,2.64417957597193,0,2.93099260826046
gene  3,3.35159421491937,0,0,3.02380801661965,0,0,0,0,0,0,0,2.88116376274183,0,0,0,0,0,0,0,2.367546638764,0,2.00286504198279,0,2.62615392477935,0,0,0,2.22766170952208,0,0,0,0,0,0,0,0,0,0,3.32538313578801,0,0,0,0,0,0,0,0,3.76467387034869,0,0,0,0,2.54560039204683,0,0,0,0,0,0,2.82721013683314,2.86854049623893,0,0,0,0,0,0,0,4.28260085453587,0,0,0,4.4119885687015,0,0,2.64175437844846,0,0,3.66972002336418,0,0,0,0
gene  4,0,0,0,0,0,0,0,0,0,0,0,0,0,0,0,0,0,0,0,0,0,0,0,0,0,0,0,0,0,0,0,0,0,0,0,0,0,0,0,0,0,0,0,0,0,0,0,0,0,0,0,0,0,0,0,0,0,0,0,0,0,0,4.74930357525042,0,0,0,0,0,0,0,0,0,0,0,0,0,0,0,0,0,0,0,0
gene  5,0,0,0,0,0,0,0,0,0,0,0,0,0,0,0,0,0,0,0,0,0,0,0,0,0,0,0,0,0,0,0,0,0,0,0,0,0,3.05409646968604,0,0,0,0,0,0,0,0,0,0,0,0,0,0,0,0,0,0,0,0,0,0,0,0,0,0,0,0,3.14866075167213,0,0,0,0,0,0,0,0,0,0,0,0,0,0,0,0
gene  6,0,0,0,0,0,0,0,0,0,0,0,0,0,0,0,0,0,0,0,0,2.87089380727898,0,0,0,0,0,0,0,0,3.52966631275066,0,0,0,0,0,0,0,0,0,0,0,0,3.10353660916048,0,0,0,0,0,0,0,0,0,0,0,0,3.67532648770923,0,0,0,0,0,0,0,0,0,0,3.97113325132874,0,4.50297924509154,0,0,0,0,0,0,0,0,0,3.00173715267589,0,0,0,0
gene  7,0,0,0,0,0,0,0,0,0,0,0,2.24257055439926,0,0,0,0,0,0,0,0,0,0,0,2.62615392477935,2.28901830154527,0,0,0,0,0,2.19226222776456,0,0,0,0,0,0,0,2.29621992739132,0,0,0,0,0,0,2.51999796959927,0,0,0,0,0,0,0,0,0,0,0,2.55704744654248,2.73496615500187,0,2.86854049623893,0,0,0,3.30873338916716,0,2.132383105178,0,0,0,0,2.96610809164301,0,0,0,0,0,0,0,3.10658992544684,0,2.6502724004354,0
gene  8,0,0,0,0,0,0,2.2410672152004,0,0,0,0,4.444708951807,0,0,0,0,0,4.10011423574671,0,0,0,0,0,0,0,0,0,0,0,0,0,0,0,0,0,4.42984894532843,0,0,0,0,0,0,0,0,0,0,0,0,0,0,0,0,0,0,0,0,0,0,0,0,0,0,0,0,0,0,0,0,0,0,0,0,0,0,0,0,0,0,2.35709500583626,0,0,0,0
gene  9,2.9634917335788,2.13599579561425,3.21466146108072,0,0,3.71524601076698,0,0,0,0,4.18229635709524,4.34065208853519,3.64459001603011,3.5491512949519,3.98627895817554,3.86401480605107,4.24553365548177,0,3.3667810294603,3.0127054000116,3.25729560248601,3.00720467471623,3.68790495346836,3.95665312444481,2.93015302191896,4.43203621071066,4.16654216959619,2.8654123694741,3.39791647550574,3.92531180041693,3.70812426444933,4.02707197328566,0,4.84339370548079,2.8499342352407,3.92693612562344,3.58595262181841,3.05409646968604,0,3.09443739290422,3.0550594383229,0,3.10353660916048,2.85147000782561,0,0,3.24220805634212,3.09443739290422,0,1.87866687629955,4.01363738262826,3.57915402537141,0,3.34365316534829,0,3.00720467471623,2.5242119953515,3.21065653505328,2.73496615500187,4.16810611962304,4.61182572950432,4.5858587001981,0,5.08140436498446,2.65149611519828,0,2.76442350715612,3.82303285682949,0,3.85191092505096,2.90206446205225,0,0,3.43932495007774,1.73531514495429,3.97314140822135,3.05217358445894,2.73766512164114,2.35709500583626,0,2.64417957597193,0,0
gene 10,0,0,2.56089741343352,0,0,0,1.64898177957307,0,0,0,0,0,0,0,3.09746040728121,0,1.98154045364792,0,0,0,0,0,0,0,0,2.968732060519,0,0,0,0,0,0,0,0,0,0,0,0,0,0,0,0,0,0,0,0,0,0,0,0,0,2.91352404047583,0,0,0,0,0,0,0,0,0,0,0,0,0,0,0,0,0,0,0,0,0,0,0,0,0,0,0,0,0,0,0
gene 11,0,1.55450349098334,4.88599186208001,0,2.14693417019908,0,1.64898177957307,2.87799118332661,2.92847619890372,2.21811682755416,0,0,0,0,0,0,3.65126720278965,0,2.3348933362267,0,2.23284851693176,3.00720467471623,2.6381292553027,0,2.28901830154527,0,2.82571565195042,2.22766170952208,2.10723100359207,0,0,2.69287596471807,0,0,2.8499342352407,0,0,3.05409646968604,3.60403487245526,0,0,0,3.10353660916048,3.23749424360531,2.33153014356912,3.56347818757266,0,3.48468716880312,3.61893007138801,0,3.61716549251262,3.57915402537141,0,4.01898878933024,0,3.67532648770923,2.5242119953515,3.21065653505328,2.73496615500187,0,0,3.75206260153019,4.74930357525042,0,0,3.91121484541747,3.42555748212033,3.15151154022394,3.99951045955126,2.7948994212346,0,0,0,0,1.73531514495429,0,0,0,3.39049660996152,0,0,3.7006519903392,3.31851637469095
gene 12,0,0,2.56089741343352,0,1.56429189394366,0,1.64898177957307,0,0,0,3.78443398333915,0,2.59692199152242,0,0,2.80651295380342,0,0,0,0,2.23284851693176,0,2.6381292553027,2.62615392477935,2.93015302191896,2.32567743477466,0,0,0,0,2.19226222776456,0,0,0,0,2.86697506219861,0,0,0,0,0,2.41813887907502,3.10353660916048,2.21447567900599,0,2.51999796959927,0,0,0,0,2.95052264812006,0,0,0,0,0,3.56793053402898,0,3.78935051422824,0,0,0,0,0,0,0,2.132383105178,0,0,0,0,2.96610809164301,0,3.43932495007774,2.33615808377128,0,0,0,0,0,0,2.6502724004354,2.28981535211792
gene 13,0,1.55450349098334,0,0,0,0,0,0,0,2.21811682755416,0,0,0,0,0,0,0,2.76233604598158,0,0,0,0,0,0,0,0,2.82571565195042,0,0,0,0,0,0,2.94368140337263,0,0,0,0,0,0,0,0,0,0,2.33153014356912,2.51999796959927,0,0,0,0,3.61716549251262,0,0,0,2.49514328641769,0,0,0,0,0,0,0,0,0,0,0,0,0,0,0,0,0,0,0,2.33615808377128,3.29863366597572,0,0,0,0,0,3.30746490399945,3.59710560506423
gene 14,0,0,2.56089741343352,3.6923470163782,0,0,0,0,2.2874265325632,0,0,0,0,0,2.44848680265199,0,0,0,2.3348933362267,0,0,0,0,0,0,0,0,2.22766170952208,0,0,0,0,0,0,0,0,0,0,0,0,0,0,0,0,0,3.84405002184194,2.85609327444067,0,0,2.86984712526128,0,0,0,0,0,0,0,2.55704744654248,2.73496615500187,0,0,0,0,0,2.65149611519828,0,0,0,0,0,0,0,0,0,0,0,0,0,2.35709500583626,0,0,0,0
gene 15,0,0,0,0,0,1.90569785768983,0,2.87799118332661,0,0,0,0,0,0,0,0,0,0,0,0,2.23284851693176,2.62615392477935,0,0,0,2.32567743477466,0,2.22766170952208,0,0,2.19226222776456,0,0,3.61013985386154,0,2.86697506219861,0,0,0,0,0,0,0,0,0,0,3.52007271671715,0,2.30999856153725,0,0,0,0,0,0,3.00720467471623,0,0,0,0,0,0,0,0,0,0,0,2.50026168277011,3.60316593583991,0,0,0,0,0,0,3.29863366597572,0,0,0,0,2.64417957597193,0,0
gene 16,3.35159421491937,4.10633534342053,0,0,0,0,0,0,0,0,0,0,0,0,0,0,0,0,3.3667810294603,3.0127054000116,0,3.82585043737907,2.6381292553027,0,0,0,0,0,0,4.20804766496951,0,0,0,0,0,0,0,3.05409646968604,0,0,0,2.41813887907502,0,0,3.64217354759646,0,0,0,0,0,0,3.97527585724141,0,0,0,0,0,2.55704744654248,0,0,0,0,0,0,0,3.23788614470766,0,0,0,0,0,0,0,0,0,0,0,0,0,0,0,0,0
gene 17,0,0,2.56089741343352,3.02380801661965,0,0,0,0,0,0,0,2.88116376274183,2.59692199152242,0,0,0,0,0,2.3348933362267,0,0,0,0,0,2.28901830154527,2.32567743477466,0,0,2.10723100359207,2.8654123694741,3.70812426444933,0,0,0,0,0,0,0,2.29621992739132,0,0,0,0,0,0,2.51999796959927,0,0,0,2.23185797668271,3.61716549251262,0,2.54560039204683,2.6852046975842,2.49514328641769,0,0,0,0,0,0,2.69932057657129,0,0,0,2.58323515477029,3.14866075167213,2.50026168277011,0,0,0,2.96610809164301,0,0,0,3.29863366597572,0,0,0,0,0,0,2.93099260826046
gene 18,0,2.50128907920595,0,0,0,0,0,0,0,0,0,2.24257055439926,0,0,0,0,0,0,0,0,0,2.00286504198279,0,0,2.28901830154527,0,0,0,0,0,0,0,0,0,0,0,0,0,0,0,0,0,0,2.21447567900599,0,0,0,0,0,2.49234128600546,0,0,2.54560039204683,0,0,0,0,1.93857473574708,0,0,0,0,0,0,0,0,0,0,0,0,0,0,0,0,0,0,0,0,2.35709500583626,0,0,2.6502724004354,0
gene 19,0,2.50128907920595,2.56089741343352,0,0,0,0,0,0,0,3.78443398333915,0,3.25210634399848,0,0,0,0,0,0,0,3.25729560248601,2.62615392477935,0,0,0,0,2.82571565195042,2.22766170952208,3.12132035171177,0,0,0,0,0,0,0,0,0,0,3.76467387034869,0,0,2.45430120071192,0,3.64217354759646,2.51999796959927,3.52007271671715,0,2.30999856153725,0,0,0,0,0,0,0,2.5242119953515,2.93632827767813,0,0,0,0,0,0,0,0,0,3.15151154022394,3.60316593583991,0,0,0,0,0,3.192678577847,0,0,0,0,0,0,3.30746490399945,0
gene 20,0,0,0,0,0,0,0,0,0,0,0,0,0,0,0,0,0,0,2.3348933362267,0,0,0,0,0,0,0,0,0,0,0,3.21351542149005,0,0,0,0,0,0,0,0,0,0,0,0,0,0,0,0,0,0,0,0,0,0,0,0,0,0,0,0,0,0,0,0,0,0,0,0,0,0,0,3.56737284222055,0,4.87743268253442,0,0,0,0,0,0,0,0,0,0
gene 21,0,0,4.43831267155516,0,0,0,0,0,0,0,3.11375422929274,0,0,2.88434764329278,0,0,0,2.76233604598158,2.3348933362267,0,0,0,0,0,0,0,0,3.25170837269173,0,0,0,0,0,0,0,0,0,0,3.60403487245526,0,0,0,0,0,0,0,0,0,0,0,3.61716549251262,0,0,0,0,3.00720467471623,0,0,0,4.38814855693277,0,2.69932057657129,0,0,0,0,0,0,0,0,0,0,0,2.77776009383232,0,0,0,0,0,0,0,0,0
gene 22,0,0,0,0,0,0,0,0,0,0,0,0,2.59692199152242,0,0,0,0,0,0,0,0,0,0,0,0,0,0,0,0,0,0,0,0,0,0,0,0,0,0,0,0,0,0,0,0,0,0,0,0,0,0,0,0,0,0,0,0,0,0,0,0,0,0,0,0,0,0,0,0,0,0,0,0,0,0,0,0,0,0,0,3.69425712534805,0,0
gene 23,0,0,3.21466146108072,0,0,0,0,0,0,0,0,0,3.64459001603011,0,0,0,0,0,2.97841908235231,0,3.53530798480774,2.62615392477935,0,0,3.59624300167734,0,0,0,0,0,3.21351542149005,0,0,0,0,0,2.92013871803569,0,0,0,0,0,0,0,0,0,0,0,0,0,0,0,0,0,0,0,0,0,0,0,0,0,0,0,0,0,0,0,0,0,0,0,4.74498877595857,0,0,0,0,0,0,0,0,0,2.28981535211792
gene 24,4.93260922320731,4.27558200123383,0,0,0,0,0,0,0,0,0,0,0,0,0,0,0,0,0,0,0,2.62615392477935,0,0,3.31766158260639,0,0,0,0,0,0,0,0,0,2.8499342352407,0,0,3.72337847036975,0,0,0,0,0,0,0,0,0,0,0,1.32770796428732,0,0,0,0,0,0,0,3.60258708740794,0,0,0,0,0,0,0,0,0,0,0,0,0,0,0,0,0,0,0,0,0,0,0,0,0
gene 25,0,0,0,0,0,0,0,0,0,0,0,2.24257055439926,2.59692199152242,0,0,4.1464371741879,0,0,0,2.367546638764,0,0,0,0,0,2.968732060519,3.88401538044124,0,0,0,3.21351542149005,0,2.60733178829351,0,0,0,0,0,0,0,4.12175446740286,0,0,2.21447567900599,0,0,0,0,0,0,0,0,0,0,0,0,0,0,3.78935051422824,0,0,0,0,4.11087386417331,2.65149611519828,0,0,3.15151154022394,3.60316593583991,0,0,0,3.5137308074496,0,0,3.29863366597572,0,0,0,0,0,2.6502724004354,0
gene 26,2.32069378202026,0,0,0,2.14693417019908,1.90569785768983,1.64898177957307,3.54261149410068,0,0,0,2.24257055439926,0,0,2.44848680265199,0,0,0,3.3667810294603,2.367546638764,0,0,0,0,0,0,2.82571565195042,2.22766170952208,2.10723100359207,0,2.19226222776456,0,0,2.94368140337263,0,2.86697506219861,2.92013871803569,0,0,0,2.40795571982421,0,3.10353660916048,0,2.33153014356912,3.84405002184194,3.24220805634212,0,0,1.32770796428732,2.95052264812006,0,0,3.34365316534829,3.14617355544663,0,3.17647393773925,0,0,0,0,0,0,3.04452243772342,3.30873338916716,0,0,0,0,0,0,0,0,0,0,0,3.05217358445894,2.73766512164114,0,0,2.64417957597193,0,0
gene 27,0,0,0,0,0,0,0,0,0,3.24142075019526,0,2.88116376274183,0,0,0,0,0,2.76233604598158,0,0,0,0,0,2.62615392477935,0,0,0,0,2.10723100359207,2.8654123694741,0,0,0,0,0,0,0,0,0,0,0,0,3.9925238732694,2.21447567900599,2.97488449060745,0,0,2.4455946082635,0,0,2.95052264812006,0,2.54560039204683,2.6852046975842,0,0,0,0,0,0,0,0,0,0,2.65149611519828,0,0,2.50026168277011,0,0,0,0,0,0,0,3.29863366597572,3.05217358445894,0,0,3.10658992544684,0,3.7006519903392,3.81475349834457
gene 28,2.32069378202026,0,0,0,0,0,0,0,2.92847619890372,2.85532106230035,0,0,3.25210634399848,0,0,2.80651295380342,1.98154045364792,0,0,0,0,0,0,2.62615392477935,0,0,0,0,0,0,0,0,0,0,0,0,0,0,0,0,2.40795571982421,2.41813887907502,0,0,0,2.51999796959927,0,0,0,0,0,0,0,0,2.49514328641769,0,0,2.93632827767813,0,3.49032187509257,0,0,0,0,0,3.23788614470766,0,0,0,0,0,0,0,3.83403700481132,0,0,4.40238255605998,0,0,0,0,0,0
gene 29,0,0,0,0,0,0,1.64898177957307,2.87799118332661,0,2.21811682755416,0,2.88116376274183,3.64459001603011,2.88434764329278,0,0,0,0,3.3667810294603,2.367546638764,0,0,0,0,0,0,2.82571565195042,0,0,0,0,0,3.65554090455356,3.61013985386154,0,0,0,0,0,3.09443739290422,0,0,2.45430120071192,3.23749424360531,0,0,2.85609327444067,0,0,0,0,0,2.54560039204683,0,0,3.00720467471623,2.5242119953515,0,0,0,0,0,0,4.39444915467244,3.30873338916716,0,2.76442350715612,0,0,0,0,0,2.8499342352407,0,0,3.69171116463307,0,0,0,0,0,0,0
gene 30,0,0,0,0,2.14693417019908,0,0,0,0,0,0,0,0,0,0,0,0,0,0,0,0,0,0,0,0,0,0,0,2.10723100359207,4.20804766496951,0,0,0,2.94368140337263,0,0,0,0,0,0,0,0,0,0,0,0,3.24220805634212,2.4455946082635,0,0,0,0,0,0,0,0,0,0,0,0,0,0,0,0,0,0,0,0,0,0,0,0,0,0,0,0,0,0,0,0,0,0,0
gene 31,0,2.97877330359637,2.56089741343352,0,0,1.90569785768983,0,0,3.31595435172927,0,0,2.24257055439926,3.25210634399848,0,2.44848680265199,0,2.9837470406707,0,0,3.40164860157505,3.25729560248601,2.62615392477935,2.6381292553027,0,0,2.32567743477466,0,0,0,0,0,0,2.60733178829351,0,0,4.2096800377584,0,0,0,3.98317161276295,0,2.41813887907502,0,0,2.97488449060745,2.51999796959927,0,3.76467387034869,4.29858091099902,0,0,0,0,0,0,0,2.5242119953515,0,3.39512712165809,0,2.86854049623893,0,0,0,2.65149611519828,4.13034712839449,0,2.50026168277011,4.50297924509154,2.7948994212346,0,0,2.8499342352407,2.77776009383232,0,3.69171116463307,3.05217358445894,2.73766512164114,3.88775382134371,0,0,0,2.28981535211792
gene 32,4.02707197328566,4.10633534342053,3.21466146108072,3.02380801661965,0,2.52157578583493,2.2410672152004,4.44138713370208,3.81215377636766,2.21811682755416,4.46615527634245,2.24257055439926,3.64459001603011,0,4.93029773440751,5.14791935670088,4.41038098622633,4.5000404382941,4.64065257703077,4.36143404360094,3.25729560248601,4.35572214678715,4.96882074366325,3.95665312444481,4.27558200123383,0,4.16654216959619,4.52243622216217,4.29393743058429,3.92531180041693,5.02489014373591,3.35159421491937,3.93674013052603,2.94368140337263,4.87743268253442,3.92693612562344,4.6659186391464,3.72337847036975,3.82172081873282,4.76141711664124,3.94267087054561,4.53286332799418,4.93661460673103,4.5938997345669,5.12566637090007,3.84405002184194,3.52007271671715,4.31430778944623,3.83669692465628,2.49234128600546,4.5172097421762,4.25825335004171,3.59051231514567,4.81988487138496,4.72059226101819,0,4.64755422050837,1.93857473574708,3.39512712165809,3.88557129486245,5.11866997185704,4.43340574368716,4.74930357525042,4.39444915467244,3.70193613594257,4.81542317633311,4.21824953373473,4.37323530753157,4.50297924509154,3.45700938115822,4.24630449890539,4.8668684120133,4.59228624033085,4.33617614993467,3.36813298692179,4.19251501481451,3.72140909741159,0,4.8305750409596,3.49702487532586,3.30114832223832,3.30746490399945,4.59111445636475
gene 33,2.9634917335788,0,2.56089741343352,0,0,0,0,0,0,2.21811682755416,0,0,0,0,2.44848680265199,0,2.9837470406707,2.76233604598158,0,0,2.87089380727898,0,3.68790495346836,0,3.31766158260639,0,0,0,0,0,2.19226222776456,0,0,4.00654805041067,0,0,0,0,2.93773767990245,0,3.0550594383229,0,0,0,0,0,0,0,0,0,0,0,0,0,0,0,2.5242119953515,3.60258708740794,0,3.49032187509257,0,0,0,0,0,0,2.76442350715612,0,0,0,0,0,0,0,0,3.29863366597572,0,0,3.00173715267589,0,0,0,0
gene 34,0,0,0,0,0,0,0,0,0,0,0,0,0,0,0,0,1.98154045364792,0,3.86371033917873,0,0,2.62615392477935,0,0,0,0,0,2.8654123694741,2.10723100359207,0,0,0,0,0,0,2.86697506219861,0,0,2.29621992739132,0,3.72436468538389,0,0,0,0,0,0,3.98317161276295,0,0,0,0,0,0,0,0,0,0,0,2.82721013683314,0,3.35826382047213,3.66785852774081,0,3.98343017578335,3.91121484541747,0,0,0,0,0,0,0,0,0,0,0,3.39791647550574,3.00173715267589,2.4572235330968,3.30114832223832,0,0
gene 35,0,0,0,0,0,0,0,0,2.92847619890372,2.21811682755416,4.18229635709524,2.88116376274183,3.92571762448478,0,3.48775645999774,4.1464371741879,1.98154045364792,0,3.3667810294603,4.84202205542445,4.43395409512962,3.49806035680954,3.29487440202243,3.28245234496958,0,2.32567743477466,0,2.22766170952208,2.10723100359207,5.01067944323204,2.19226222776456,0,3.65554090455356,0,0,0,2.92013871803569,0,2.93773767990245,3.09443739290422,0,3.45552288407289,2.45430120071192,3.73249037813831,0,3.56347818757266,4.41844550704077,2.4455946082635,2.95224111198918,3.35772849318896,3.61716549251262,2.91352404047583,2.54560039204683,2.6852046975842,2.49514328641769,4.07230867382292,3.56793053402898,3.42570135470586,3.39512712165809,3.49032187509257,0,2.69932057657129,0,0,0,4.46221526899365,2.132383105178,0,5.19057305953493,4.53438176007387,0,0,0,5.02275859299861,0,0,3.05217358445894,3.79217135767989,4.06665431270193,0,3.30114832223832,0,3.31851637469095
gene 36,0,0,0,0,0,0,0,0,0,0,0,0,0,0,0,0,0,0,0,0,0,0,0,0,0,0,0,4.3241765130188,0,0,0,0,0,0,0,0,0,0,0,0,3.94267087054561,0,0,0,0,0,0,0,0,0,0,0,0,0,0,0,0,0,0,0,0,0,0,0,0,0,0,0,0,2.7948994212346,0,0,0,0,0,0,0,0,0,0,0,0,0
gene 37,0,0,0,0,0,0,0,0,0,0,0,2.24257055439926,0,0,0,0,0,0,0,0,0,0,0,0,0,0,0,2.22766170952208,0,0,3.8863501990009,0,0,0,0,0,0,3.05409646968604,2.29621992739132,0,0,0,2.45430120071192,0,2.33153014356912,0,0,0,0,0,0,0,0,0,0,0,0,0,0,0,2.86854049623893,0,0,0,0,2.58323515477029,0,0,0,2.7948994212346,3.56737284222055,0,0,0,0,0,0,0,0,0,0,0,0
gene 38,0,1.55450349098334,0,0,0,0,0,0,0,0,0,2.88116376274183,0,0,0,0,0,0,2.3348933362267,0,0,0,0,0,0,0,3.48878178667972,0,0,0,0,0,0,0,0,2.86697506219861,0,0,0,0,0,0,0,0,0,0,0,0,0,0,0,0,0,0,2.49514328641769,0,0,0,0,0,0,4.03386007159469,0,0,0,3.23788614470766,0,2.50026168277011,0,0,2.90206446205225,0,0,0,0,0,0,0,0,0,0,0,0
gene 39,0,0,0,0,0,1.90569785768983,0,0,0,0,4.46615527634245,0,0,0,0,0,0,0,0,0,0,0,0,0,0,0,0,0,0,0,0,0,0,0,0,0,0,0,0,0,0,0,0,3.51531228776297,0,0,0,0,0,0,0,0,0,0,0,0,0,0,0,0,0,0,0,0,0,0,0,0,0,0,0,0,0,0,0,0,0,0,0,0,0,0,0
gene 40,0,0,0,0,0,0,0,0,0,0,0,0,0,0,0,0,0,0,0,0,0,0,0,0,0,0,0,0,0,0,0,0,0,0,0,0,0,0,0,0,0,0,0,0,0,0,0,2.4455946082635,0,0,0,0,0,0,0,0,3.56793053402898,0,0,0,0,0,0,0,0,0,0,0,0,0,0,0,0,0,0,2.64175437844846,0,0,3.00173715267589,0,0,0,0
gene 41,0,0,0,0,1.56429189394366,0,0,0,0,0,0,0,0,0,0,0,3.25869769466493,0,0,0,0,0,0,0,0,0,0,0,0,2.8654123694741,0,0,0,0,0,0,0,0,0,3.48468716880312,0,0,0,2.21447567900599,0,0,0,2.4455946082635,0,0,0,0,0,0,0,0,0,0,0,0,0,0,2.99992195783914,0,3.30873338916716,0,0,0,0,0,0,0,0,0,0,0,0,0,0,0,0,0,0
gene 42,3.84830936589831,3.42952204935454,0,0,0,0,0,0,0,0,0,0,0,0,0,0,0,0,0,0,0,0,0,0,4.27558200123383,0,0,0,0,0,0,0,0,0,0,0,0,0,0,0,0,0,0,0,3.86006425782284,0,0,0,0,0,0,0,0,0,0,0,0,4.68286354753886,0,0,0,0,0,0,0,0,0,0,0,0,0,0,0,0,3.64716427318326,0,0,0,0,0,0,0,0
gene 43,0,0,0,0,0,0,0,0,2.92847619890372,0,0,0,0,0,0,0,0,0,0,0,0,0,0,0,0,0,0,0,0,0,2.19226222776456,0,0,0,0,0,0,0,0,0,0,0,0,0,0,0,0,0,0,0,0,0,0,0,0,0,0,0,3.39512712165809,0,0,0,4.56871206557282,0,0,0,0,0,0,0,0,0,0,0,0,0,0,0,0,0,0,0,0
gene 44,2.32069378202026,2.76826340541852,0,0,0,0,0,0,0,0,0,0,2.59692199152242,0,3.09746040728121,4.69924957899462,2.9837470406707,2.76233604598158,2.97841908235231,0,0,2.00286504198279,0,0,3.59624300167734,3.35692607791887,3.48878178667972,0,0,0,3.21351542149005,0,3.26291675365922,4.51006861751643,0,2.86697506219861,3.98213805405628,0,3.32538313578801,0,4.52179956744893,0,0,3.91081509838805,0,0,0,0,2.30999856153725,0,0,4.25825335004171,0,0,0,0,0,3.21065653505328,0,0,2.86854049623893,0,0,0,0,2.58323515477029,2.76442350715612,0,4.83628190695148,3.45700938115822,2.90206446205225,0,3.5137308074496,3.83403700481132,0,3.97314140822135,0,2.73766512164114,3.39049660996152,0,3.30114832223832,3.98213805405628,3.59710560506423
gene 45,0,0,0,0,0,0,0,0,2.92847619890372,0,4.18229635709524,2.88116376274183,0,4.22781964695506,0,0,3.47412385860295,3.42340204021612,0,0,3.53530798480774,2.00286504198279,0,0,0,0,0,2.8654123694741,0,0,0,3.74531446586581,0,0,0,0,3.58595262181841,0,0,0,0,0,0,2.85147000782561,2.97488449060745,0,2.85609327444067,2.4455946082635,0,0,4.29679233387509,2.91352404047583,0,0,0,0,0,2.93632827767813,0,4.16810611962304,2.86854049623893,3.75206260153019,0,0,0,3.91121484541747,0,0,0,0,0,2.96610809164301,0,3.43932495007774,0,0,0,0,2.35709500583626,0,0,0,0
gene 46,0,0,0,0,0,0,0,0,0,0,0,0,0,0,0,0,0,0,0,0,0,0,0,0,0,0,0,0,0,0,0,0,0,0,0,0,2.92013871803569,0,0,0,0,0,0,0,0,0,0,0,0,0,0,0,0,0,0,0,0,0,0,0,0,0,0,0,0,0,0,0,0,0,2.90206446205225,0,0,0,0,0,0,0,0,0,0,0,0
gene 47,0,0,0,0,0,2.52157578583493,0,0,2.2874265325632,0,0,0,2.59692199152242,0,0,0,0,0,0,0,0,0,0,0,0,0,0,0,0,0,0,4.02707197328566,0,0,0,0,0,0,0,0,0,0,0,0,0,0,0,0,0,0,0,0,0,0,0,0,0,1.93857473574708,0,0,0,0,0,0,0,0,0,0,0,0,0,0,0,0,0,0,0,0,0,0,0,0,0
gene 48,0,0,0,0,0,0,0,0,0,0,0,0,0,0,0,0,0,0,0,0,0,0,0,0,2.28901830154527,0,0,0,0,0,0,0,2.60733178829351,0,0,0,0,0,0,0,0,0,0,0,0,0,0,0,2.95224111198918,0,0,0,0,0,3.53719606543099,3.00720467471623,0,0,0,0,0,0,0,0,0,0,0,0,0,2.7948994212346,0,0,0,0,1.73531514495429,0,0,0,0,0,0,0,0
gene 49,0,0,0,0,1.56429189394366,1.90569785768983,3.09142435139618,3.54261149410068,0,0,0,0,0,0,0,4.1464371741879,0,0,2.3348933362267,0,0,0,0,0,0,0,0,3.52966631275066,0,0,0,0,2.60733178829351,0,2.8499342352407,0,0,0,0,0,0,0,0,2.85147000782561,0,0,0,0,0,0,0,0,0,0,0,0,2.5242119953515,0,0,2.82721013683314,0,2.69932057657129,0,0,0,0,0,2.50026168277011,0,0,2.90206446205225,0,0,0,0,0,0,0,0,2.4572235330968,0,3.30746490399945,0
gene 50,2.32069378202026,0,0,0,0,2.52157578583493,0,0,0,0,0,0,0,0,0,0,0,0,0,3.0127054000116,0,2.62615392477935,0,0,0,2.968732060519,0,4.07663907214401,0,0,2.82795832328288,0,0,0,0,0,2.92013871803569,0,0,2.4455946082635,0,0,2.45430120071192,0,0,0,0,0,0,0,0,0,0,0,2.49514328641769,3.00720467471623,0,3.21065653505328,0,0,0,0,0,0,0,0,0,0,0,0,0,0,0,0,0,0,0,0,0,0,3.69425712534805,2.6502724004354,2.93099260826046
gene 51,0,0,0,0,0,0,2.2410672152004,0,0,0,3.11375422929274,2.24257055439926,0,0,0,0,3.25869769466493,0,0,0,2.23284851693176,3.28245234496958,0,0,0,0,0,0,0,0,2.82795832328288,0,0,4.28967071982189,0,0,2.92013871803569,0,0,0,0,0,0,0,0,0,3.24220805634212,0,0,0,0,0,0,0,0,4.57629576488895,0,0,0,0,0,0,0,0,0,0,0,2.50026168277011,0,3.45700938115822,0,0,0,0,2.70885946409458,0,0,0,0,3.49702487532586,0,0,0
gene 52,2.32069378202026,2.50128907920595,0,3.6923470163782,0,0,0,0,0,0,0,4.09305304394729,0,3.94498718096712,0,0,2.6032685834703,0,2.3348933362267,0,0,2.00286504198279,0,0,0,0,0,0,0,0,2.19226222776456,4.2466438638198,0,0,0,0,0,0,3.32538313578801,0,0,0,0,0,2.97488449060745,0,0,0,0,0,0,0,3.19874505913415,0,3.53719606543099,0,0,0,4.47112816486764,2.82721013683314,0,2.69932057657129,3.66785852774081,0,0,2.58323515477029,0,2.50026168277011,0,0,0,2.96610809164301,0,0,0,0,0,0,0,0,0,0,0
gene 53,0,0,0,0,0,0,0,0,0,0,0,0,0,0,0,0,0,0,0,0,0,0,0,0,0,0,0,0,0,0,0,0,0,0,0,0,0,0,0,0,0,0,0,0,0,0,0,0,0,0,0,0,0,0,4.98089827797779,0,0,0,0,0,0,0,0,0,0,0,0,0,0,0,0,0,0,0,0,0,0,0,0,0,0,0,0
gene 54,0,0,0,3.02380801661965,0,0,0,0,0,0,0,0,0,0,0,0,0,0,0,0,0,0,0,0,0,0,0,0,0,0,0,0,0,0,0,0,0,0,0,3.09443739290422,0,0,0,0,0,0,0,0,0,0,0,0,0,0,0,0,0,0,0,0,0,0,0,0,0,3.23788614470766,0,0,0,0,0,0,0,0,0,0,0,0,0,0,0,0,0
gene 55,0,0,0,0,0,0,0,0,0,0,0,0,0,0,4.44929497561499,0,0,0,0,0,0,0,0,0,0,0,0,0,0,0,0,0,0,0,0,0,0,0,0,0,0,0,0,0,0,0,0,0,0,0,0,0,0,0,0,0,0,0,0,4.72106484731262,0,0,0,0,0,0,0,0,0,0,0,0,0,0,0,0,0,0,0,0,0,0,0
gene 56,0,1.55450349098334,0,0,0,0,1.64898177957307,0,0,0,0,0,3.92571762448478,0,0,2.80651295380342,0,3.42340204021612,0,0,0,0,0,0,0,0,0,0,2.73766512164114,0,0,0,0,0,0,0,0,3.05409646968604,0,3.09443739290422,0,0,0,0,0,0,0,0,0,1.87866687629955,0,0,0,0,0,0,2.5242119953515,0,0,0,2.86854049623893,0,0,0,2.65149611519828,0,0,0,2.93689177353106,0,0,0,4.59228624033085,0,0,0,0,0,0,0,0,0,0
gene 57,0,0,0,0,0,2.52157578583493,0,0,0,0,0,2.88116376274183,4.32458502399654,0,3.48775645999774,0,3.25869769466493,2.76233604598158,0,0,0,0,0,0,0,3.63585944261266,2.82571565195042,0,2.73766512164114,2.8654123694741,2.19226222776456,2.69287596471807,0,0,0,3.92693612562344,0,0,2.29621992739132,2.4455946082635,0,4.53286332799418,0,0,0,2.51999796959927,4.67802444517157,3.48468716880312,0,0,2.95052264812006,0,0,0,0,3.67532648770923,2.5242119953515,0,0,0,0,0,0,3.04452243772342,3.98343017578335,0,0,0,0,0,0,4.3130090983208,0,4.51631424581798,2.33615808377128,0,0,0,3.39049660996152,0,2.64417957597193,0,0
gene 58,2.9634917335788,1.55450349098334,3.21466146108072,0,0,0,0,0,0,0,5.15354018066524,5.08098601620099,4.83010095914525,0,5.19686042708724,0,3.65126720278965,0,4.44212433981878,3.68096621525778,0,4.35572214678715,0,4.50803783421582,2.28901830154527,3.63585944261266,3.48878178667972,4.76126788116536,4.07420083629597,4.20804766496951,2.82795832328288,2.69287596471807,3.93674013052603,4.00654805041067,2.8499342352407,2.86697506219861,3.58595262181841,3.05409646968604,3.32538313578801,3.76467387034869,4.27358588282045,4.7315775924176,3.10353660916048,4.06210108278543,3.36318535534858,4.52643614544559,2.85609327444067,3.76467387034869,0,0,4.01363738262826,0,0,3.73727922202621,3.81757785738262,0,3.56793053402898,3.88343256225411,0,4.16810611962304,4.89702129677382,4.25345616772013,0,3.71357206670431,3.98343017578335,2.58323515477029,0,4.22118415150336,0,0,4.64698583469113,0,3.5137308074496,3.43932495007774,1.73531514495429,3.97314140822135,3.05217358445894,4.29393743058429,3.66972002336418,2.4572235330968,5.34782311651718,0,4.39269490290413
gene 59,0,0,0,0,0,0,0,0,0,0,0,0,0,0,0,0,0,0,0,0,0,0,2.6381292553027,0,2.93015302191896,0,0,0,0,0,0,0,0,0,0,0,0,0,0,0,0,0,0,0,0,0,0,0,0,0,0,0,0,0,0,0,0,0,0,0,0,0,0,0,0,0,0,0,0,0,0,0,0,0,0,0,0,0,0,0,0,0,0
gene 60,0,0,0,3.02380801661965,0,0,0,0,0,0,0,0,0,0,0,2.80651295380342,0,0,0,0,0,0,0,0,0,0,0,0,0,0,0,0,0,0,0,0,0,0,0,0,2.40795571982421,0,0,0,0,0,0,0,0,0,4.69770973271191,0,0,0,0,0,0,0,0,0,0,3.35826382047213,0,0,0,0,0,0,0,0,0,0,0,0,0,0,0,0,0,0,0,0,2.28981535211792
gene 61,0,0,0,0,0,0,0,0,0,0,0,0,0,0,0,0,1.98154045364792,0,0,0,0,0,2.6381292553027,0,0,0,0,0,0,0,0,0,0,0,0,0,0,0,0,0,0,0,0,0,0,3.56347818757266,0,0,0,0,0,0,0,0,0,0,0,0,0,0,0,0,0,0,0,0,0,0,0,0,0,0,0,0,0,3.69171116463307,0,3.39791647550574,2.35709500583626,0,0,0,0
gene 62,0,0,0,0,0,0,0,0,0,0,0,2.24257055439926,0,0,0,0,3.47412385860295,0,2.3348933362267,0,4.43395409512962,2.62615392477935,0,0,2.93015302191896,0,0,0,0,0,2.19226222776456,0,0,0,0,3.53127477851527,0,0,2.93773767990245,0,0,0,0,0,0,0,0,0,0,0,0,0,0,0,0,0,3.17647393773925,0,0,0,0,0,2.99992195783914,0,0,0,0,0,2.93689177353106,0,2.90206446205225,0,0,0,0,0,0,0,0,0,0,0,0
gene 63,0,0,0,0,0,0,0,0,0,0,0,0,0,0,0,0,0,0,0,0,0,0,0,0,0,0,0,0,0,0,0,0,0,0,0,0,0,0,0,0,0,0,0,0,0,0,0,0,0,0,0,0,0,0,0,0,0,0,0,0,0,0,0,0,0,0,0,0,0,0,0,0,0,0,0,0,0,0,0,0,0,0,0
gene 64,2.32069378202026,0,0,0,0,0,0,0,0,0,0,0,0,0,0,2.80651295380342,0,0,0,0,0,2.62615392477935,3.68790495346836,2.62615392477935,2.28901830154527,0,0,0,0,0,0,0,3.93674013052603,0,0,0,0,0,0,3.48468716880312,0,0,3.10353660916048,2.85147000782561,0,0,0,0,0,2.49234128600546,0,0,0,0,0,0,3.17647393773925,0,0,0,0,0,0,4.61512051684126,0,0,0,0,0,0,3.56737284222055,3.63316620935858,0,0,0,0,0,0,2.35709500583626,0,0,2.6502724004354,0
gene 65,0,1.55450349098334,0,0,0,0,0,0,0,0,0,0,0,0,0,0,0,0,0,0,0,0,0,0,0,0,0,0,0,0,0,0,0,0,0,0,0,0,0,0,0,3.95363977605472,0,0,0,0,0,0,0,0,0,0,0,0,0,0,0,0,0,0,2.86854049623893,0,0,0,0,0,0,0,0,0,0,0,0,4.11629887686198,0,0,0,0,0,0,0,0,0
gene 66,0,0,0,0,0,0,0,0,0,0,0,0,0,2.88434764329278,2.44848680265199,0,0,0,0,0,0,0,0,0,0,0,0,0,0,4.60854197854491,0,0,3.26291675365922,0,0,0,0,0,0,0,0,3.73528094627233,0,0,0,0,2.21884704134939,0,0,0,0,0,0,0,0,0,0,0,0,0,0,0,0,0,2.65149611519828,0,0,0,0,0,0,0,0,0,2.97974812890934,0,0,0,0,0,0,0,0
gene 67,0,2.50128907920595,0,0,0,0,0,0,0,0,0,0,0,0,0,2.80651295380342,0,0,0,2.367546638764,0,0,0,0,0,0,0,0,2.10723100359207,0,2.82795832328288,0,0,0,0,0,0,0,0,2.4455946082635,0,2.41813887907502,2.45430120071192,0,0,0,0,3.48468716880312,0,2.49234128600546,0,0,2.54560039204683,0,3.53719606543099,0,0,0,0,0,0,3.75206260153019,3.66785852774081,0,0,0,0,0,0,0,0,0,3.90921777150451,4.11629887686198,0,2.64175437844846,0,0,0,0,0,0,0
gene 68,0,0,0,0,0,0,0,0,2.2874265325632,3.5192776401074,0,0,3.25210634399848,4.22781964695506,2.44848680265199,0,2.6032685834703,0,3.3667810294603,0,0,0,0,3.95665312444481,0,3.35692607791887,0,0,2.73766512164114,3.52966631275066,3.49109286574537,0,0,0,2.8499342352407,2.86697506219861,0,0,0,0,0,2.41813887907502,0,0,2.97488449060745,2.51999796959927,2.85609327444067,0,0,0,0,0,2.54560039204683,0,0,0,0,0,2.73496615500187,0,2.86854049623893,3.75206260153019,0,0,0,2.58323515477029,2.76442350715612,0,0,0,0,4.3130090983208,0,2.77776009383232,0,2.64175437844846,0,2.73766512164114,0,2.4572235330968,2.64417957597193,0,2.93099260826046
gene 69,2.32069378202026,1.55450349098334,0,0,2.51267327103908,2.52157578583493,0,0,0,0,0,0,3.25210634399848,0,3.48775645999774,3.86401480605107,0,0,2.3348933362267,0,0,0,0,0,0,2.32567743477466,0,2.22766170952208,2.73766512164114,0,0,0,3.26291675365922,0,0,0,0,3.05409646968604,0,2.4455946082635,3.0550594383229,0,3.77398298395123,2.85147000782561,0,0,0,0,0,0,0,2.91352404047583,0,2.6852046975842,3.14617355544663,0,0,0,2.73496615500187,2.82721013683314,0,0,0,0,0,0,0,0,3.60316593583991,3.45700938115822,2.90206446205225,0,0,2.77776009383232,0,3.29863366597572,0,0,0,0,0,0,2.28981535211792
gene 70,0,1.55450349098334,0,0,0,0,0,0,0,0,0,0,0,2.88434764329278,2.44848680265199,0,0,0,0,2.367546638764,2.87089380727898,0,0,0,0,0,0,2.22766170952208,0,0,0,0,0,0,0,0,0,0,0,0,0,0,0,0,0,0,0,2.4455946082635,2.95224111198918,0,2.95052264812006,0,0,0,0,0,0,0,0,0,0,2.69932057657129,0,0,0,0,0,0,0,0,2.90206446205225,0,0,0,0,2.64175437844846,0,0,0,3.10658992544684,3.30114832223832,0,0
gene 71,2.32069378202026,2.50128907920595,0,0,0,0,0,2.87799118332661,0,0,0,0,0,0,2.44848680265199,0,0,0,0,0,3.25729560248601,0,0,3.28245234496958,0,0,0,2.22766170952208,2.10723100359207,0,2.82795832328288,3.35159421491937,2.60733178829351,0,2.8499342352407,0,0,0,2.29621992739132,0,0,0,3.10353660916048,4.5938997345669,0,2.51999796959927,0,0,0,0,0,0,0,0,2.49514328641769,4.07230867382292,0,2.55704744654248,0,0,0,0,0,0,2.65149611519828,0,0,0,0,0,0,4.71399981542789,0,0,0,0,0,0,0,2.4572235330968,4.37489341047837,3.30746490399945,0
gene 72,0,0,0,0,0,0,0,0,0,0,0,2.24257055439926,0,2.88434764329278,0,0,0,0,4.04252743335426,0,0,0,0,0,0,0,0,0,3.12132035171177,0,0,0,0,0,0,0,0,0,0,0,0,0,0,0,0,3.56347818757266,0,0,0,1.32770796428732,0,0,0,3.34365316534829,4.49967370755913,0,0,0,0,0,0,0,0,0,2.65149611519828,0,2.132383105178,0,0,0,0,0,3.90921777150451,0,0,0,3.05217358445894,0,0,0,0,0,0
gene 73,0,0,0,0,0,0,0,0,0,0,0,0,0,3.94498718096712,0,0,0,0,3.3667810294603,0,0,0,3.96931128096557,0,0,2.32567743477466,0,0,0,2.8654123694741,3.21351542149005,0,0,0,2.8499342352407,0,0,0,0,0,0,0,0,0,3.36318535534858,0,0,0,0,0,0,0,0,0,0,3.00720467471623,0,0,0,2.82721013683314,0,0,0,0,0,0,0,3.54261149410068,0,0,0,0,0,0,0,0,4.40238255605998,0,0,0,0,0,0
gene 74,0,0,0,0,0,0,0,0,0,0,0,2.24257055439926,0,0,0,0,0,0,0,0,0,0,0,0,3.59624300167734,0,0,0,3.12132035171177,2.8654123694741,0,0,2.60733178829351,2.94368140337263,0,0,3.58595262181841,0,0,0,0,3.06571987848673,0,3.51531228776297,0,3.17208366336144,2.85609327444067,0,2.30999856153725,0,0,2.91352404047583,0,3.34365316534829,0,0,0,0,0,2.82721013683314,0,0,2.99992195783914,0,0,0,0,0,0,0,0,0,0,3.43932495007774,3.64716427318326,0,0,0,2.35709500583626,0,0,0,2.93099260826046
gene 75,0,1.55450349098334,0,0,0,0,0,0,0,0,0,0,0,0,0,0,0,0,0,0,0,0,0,0,0,0,0,0,2.10723100359207,0,0,0,0,0,0,0,0,0,0,0,0,0,4.57207535211495,0,0,0,0,0,0,0,0,0,0,0,0,0,0,2.55704744654248,0,0,0,0,0,0,0,0,0,0,0,0,0,0,0,0,0,0,0,0,0,0,0,0,0
gene 76,0,0,0,0,2.14693417019908,0,0,0,0,2.21811682755416,3.78443398333915,2.88116376274183,2.59692199152242,0,0,0,0,0,0,2.367546638764,0,2.00286504198279,3.29487440202243,0,0,0,0,2.8654123694741,0,0,2.19226222776456,2.69287596471807,0,0,2.8499342352407,3.53127477851527,0,0,0,3.98317161276295,0,0,0,0,2.33153014356912,3.17208366336144,2.21884704134939,0,0,0,0,0,0,0,3.14617355544663,0,4.06740631872273,0,3.39512712165809,0,0,0,0,0,0,0,2.76442350715612,0,2.93689177353106,0,0,4.3130090983208,2.8499342352407,0,2.33615808377128,0,0,0,0,0,3.30114832223832,2.6502724004354,2.28981535211792
gene 77,0,0,0,0,0,2.52157578583493,0,0,0,0,0,0,0,0,3.09746040728121,0,3.93243857314119,0,2.97841908235231,3.0127054000116,0,0,0,2.62615392477935,0,2.32567743477466,0,2.22766170952208,3.61434898276001,0,3.49109286574537,4.02707197328566,2.60733178829351,0,4.4119885687015,0,0,0,0,2.4455946082635,0,0,3.9925238732694,0,0,0,3.9156230747721,3.48468716880312,0,0,0,0,0,2.6852046975842,4.03631552150858,4.35572214678715,0,3.60258708740794,3.39512712165809,2.82721013683314,0,0,0,0,0,2.58323515477029,0,0,2.93689177353106,0,0,0,0,0,2.97974812890934,0,0,3.79217135767989,0,2.4572235330968,3.30114832223832,0,0
gene 78,0,0,0,0,0,0,0,0,0,0,0,4.22449623205493,2.59692199152242,2.88434764329278,0,2.80651295380342,0,0,2.3348933362267,2.367546638764,2.23284851693176,0,0,2.62615392477935,2.28901830154527,2.968732060519,3.48878178667972,2.8654123694741,3.94309589740237,0,3.21351542149005,3.35159421491937,0,0,0,0,3.98213805405628,0,0,2.4455946082635,3.44469325016474,0,2.45430120071192,0,0,2.51999796959927,3.9156230747721,2.4455946082635,2.95224111198918,2.23185797668271,0,0,3.19874505913415,2.6852046975842,3.14617355544663,0,2.5242119953515,1.93857473574708,3.39512712165809,0,3.53288599213482,3.35826382047213,2.99992195783914,3.04452243772342,3.70193613594257,3.91121484541747,0,3.82303285682949,3.60316593583991,0,2.90206446205225,0,0,0,0,4.19251501481451,0,0,3.00173715267589,2.4572235330968,0,0,0
gene 79,0,0,0,0,0,2.89989820153351,0,0,0,0,3.78443398333915,0,0,0,0,0,0,0,0,0,0,0,0,0,0,0,0,0,0,2.8654123694741,0,0,0,0,0,0,0,0,0,0,0,0,0,0,0,2.51999796959927,2.21884704134939,0,2.30999856153725,2.86984712526128,0,0,0,0,0,0,0,0,0,0,0,0,0,0,3.30873338916716,0,0,0,0,2.7948994212346,2.90206446205225,0,0,0,0,0,0,0,0,0,0,0,0
gene 80,0,0,0,0,0,0,0,0,0,0,0,0,0,0,0,0,0,0,0,0,0,0,4.36846101028167,0,0,0,0,0,0,0,0,0,0,0,0,0,0,0,0,0,0,0,0,0,0,0,0,0,0,0,0,0,0,0,0,0,0,0,0,0,0,0,0,0,0,0,0,0,0,0,0,0,0,0,3.5173495277069,0,0,0,0,0,0,0,0
gene 81,0,0,0,0,0,0,0,0,0,0,0,0,0,0,2.44848680265199,0,0,0,0,0,2.23284851693176,0,0,0,0,2.32567743477466,2.82571565195042,0,0,0,0,0,0,0,0,0,0,0,0,0,0,0,0,0,0,0,0,0,0,1.32770796428732,0,0,0,0,0,0,0,0,0,0,0,0,0,0,0,2.58323515477029,0,0,0,0,0,0,3.5137308074496,0,0,0,0,0,0,0,0,0,0
gene 82,0,1.55450349098334,0,0,0,1.90569785768983,0,0,0,0,0,0,0,0,0,0,0,0,0,0,0,0,0,0,0,0,0,0,0,2.8654123694741,0,0,3.26291675365922,0,0,0,0,0,0,0,0,0,0,3.23749424360531,0,0,2.21884704134939,0,0,0,0,0,0,0,0,0,0,0,0,0,0,0,0,0,2.65149611519828,0,0,0,0,0,0,0,0,2.77776009383232,0,0,0,0,0,0,0,0,0
gene 83,0,0,0,0,0,0,0,0,0,0,0,0,0,0,0,0,0,0,0,0,0,0,3.68790495346836,0,0,0,0,0,0,0,0,0,0,0,0,0,0,0,0,0,0,0,0,0,0,0,0,0,0,0,0,0,0,0,0,4.57629576488895,0,0,0,0,0,0,0,0,0,0,0,0,0,0,0,0,0,0,0,0,0,0,0,0,0,0,0
gene 84,0,0,0,0,0,0,0,0,0,0,0,0,0,0,0,0,0,0,0,0,0,3.00720467471623,0,3.28245234496958,0,0,0,0,0,0,2.19226222776456,0,0,0,0,0,0,0,2.29621992739132,3.48468716880312,0,0,0,2.85147000782561,0,0,0,0,0,0,0,3.97527585724141,0,0,0,3.00720467471623,0,0,0,0,0,0,0,0,4.38266872098246,3.23788614470766,0,0,0,0,0,0,0,0,0,0,0,0,3.66972002336418,0,0,0,0
gene 85,0,0,0,0,0,0,0,0,0,0,0,0,0,0,0,0,0,0,0,0,0,0,0,0,0,4.93809438665764,0,0,0,0,0,0,0,0,0,0,0,0,0,0,0,0,0,0,0,0,0,0,0,0,0,0,0,0,0,0,0,0,0,0,2.86854049623893,0,0,0,0,0,0,0,0,0,0,0,0,0,0,0,0,0,0,2.4572235330968,0,0,0
gene 86,0,0,0,0,0,0,0,0,0,0,0,0,0,0,0,0,0,0,0,0,0,0,0,0,0,0,0,0,0,0,0,0,0,4.84339370548079,0,2.86697506219861,0,0,0,3.98317161276295,0,0,0,0,0,0,0,0,0,0,0,0,0,0,0,3.67532648770923,0,0,0,0,0,0,0,3.04452243772342,0,0,0,0,0,0,0,0,0,0,0,0,0,0,0,0,0,0,0
gene 87,0,0,0,0,0,0,0,0,0,0,0,2.88116376274183,0,3.5491512949519,2.44848680265199,0,0,0,0,3.0127054000116,0,0,0,0,0,2.32567743477466,0,3.92531180041693,3.12132035171177,0,2.82795832328288,0,0,0,0,0,2.92013871803569,0,0,0,0,3.06571987848673,4.57207535211495,0,0,0,0,0,0,0,0,0,0,0,0,0,0,0,0,0,2.86854049623893,0,0,0,0,0,0,2.50026168277011,0,0,0,0,0,0,2.70885946409458,0,0,0,0,0,0,0,2.93099260826046
gene 88,2.32069378202026,0,0,0,0,0,1.64898177957307,0,0,0,0,0,0,0,0,0,2.6032685834703,0,0,0,0,0,0,0,0,0,0,0,0,2.8654123694741,2.82795832328288,0,0,0,0,0,0,0,0,0,0,0,0,0,0,0,0,0,0,0,0,0,0,0,0,0,0,0,0,0,0,0,0,0,0,0,0,0,0,0,0,0,0,0,0,0,0,0,0,0,0,0,0
gene 89,2.32069378202026,1.55450349098334,0,0,0,2.52157578583493,0,0,2.92847619890372,0,0,0,0,0,0,2.80651295380342,0,0,0,3.68096621525778,0,3.28245234496958,0,0,2.93015302191896,4.79609574233656,0,0,2.10723100359207,2.8654123694741,0,4.2466438638198,2.60733178829351,0,0,0,0,0,0,0,0,0,0,0,0,0,3.52007271671715,0,0,1.32770796428732,2.95052264812006,0,0,0,2.49514328641769,0,0,0,0,0,0,0,0,5.08140436498446,0,3.63018266988631,0,0,0,0,0,3.63316620935858,0,3.43932495007774,0,0,0,0,0,2.4572235330968,0,0,0
gene 90,2.32069378202026,0,0,0,0,0,0,0,0,0,0,0,0,0,0,0,2.6032685834703,0,0,0,0,0,0,0,2.28901830154527,0,0,0,2.73766512164114,0,3.49109286574537,0,0,2.94368140337263,0,0,0,3.05409646968604,0,0,2.40795571982421,0,0,0,0,0,0,0,0,0,0,0,0,0,0,0,0,0,2.73496615500187,0,0,0,0,0,0,0,0,2.50026168277011,0,0,0,0,0,2.77776009383232,0,0,0,0,0,0,0,0,0
gene 91,0,0,0,0,0,0,0,0,0,0,0,0,0,0,0,0,0,0,4.87974433569606,0,0,0,0,0,0,0,0,0,0,0,0,0,0,0,0,0,0,0,0,0,0,4.28461557881744,0,0,0,0,0,0,0,0,0,0,0,0,0,0,0,0,0,0,0,0,0,0,0,0,0,0,0,0,0,0,0,0,0,0,0,0,0,0,0,0,0
gene 92,0,0,0,0,0,0,0,0,0,0,4.46615527634245,0,0,0,0,0,0,0,0,0,0,0,0,0,0,0,0,0,0,0,3.49109286574537,0,2.60733178829351,0,0,0,0,0,0,0,0,4.132758752331,0,0,0,0,0,0,0,0,0,0,0,0,0,0,0,0,0,0,0,2.69932057657129,0,0,0,0,0,0,0,0,0,0,0,0,0,0,0,0,0,0,0,0,0
gene 93,0,2.76826340541852,2.56089741343352,0,0,2.52157578583493,0,0,2.2874265325632,0,0,2.88116376274183,0,2.88434764329278,0,0,1.98154045364792,0,2.97841908235231,0,0,2.00286504198279,0,0,2.28901830154527,2.32567743477466,2.82571565195042,0,3.12132035171177,2.8654123694741,2.19226222776456,0,0,0,0,0,3.58595262181841,3.05409646968604,2.93773767990245,0,2.40795571982421,2.41813887907502,0,2.21447567900599,2.97488449060745,0,0,2.4455946082635,3.34014541506842,0,0,3.57915402537141,0,0,3.81757785738262,0,0,2.55704744654248,0,0,0,0,0,3.04452243772342,3.30873338916716,0,0,0,3.60316593583991,0,3.56737284222055,0,0,0,2.33615808377128,0,0,3.79217135767989,3.00173715267589,0,0,2.6502724004354,0
gene 94,0,0,3.21466146108072,0,0,0,0,0,0,2.21811682755416,0,0,0,0,0,0,0,0,0,0,0,3.00720467471623,0,0,0,0,0,0,0,0,0,0,0,0,0,0,0,0,0,0,0,0,3.77398298395123,0,0,0,0,2.4455946082635,0,0,0,0,0,0,2.49514328641769,0,0,0,3.78935051422824,0,0,0,2.99992195783914,0,0,0,0,0,0,0,0,0,0,4.66890238666156,3.192678577847,0,0,0,0,0,0,0,0
gene 95,2.32069378202026,0,0,0,1.56429189394366,0,0,3.54261149410068,0,0,0,0,0,0,0,0,3.65126720278965,0,0,2.367546638764,0,0,0,0,2.28901830154527,0,0,0,0,0,0,0,0,0,0,0,0,0,2.29621992739132,4.162383929274,3.0550594383229,0,0,0,0,0,0,0,2.30999856153725,1.32770796428732,0,0,0,0,0,0,0,0,0,0,0,2.69932057657129,5.03481887129768,0,0,0,2.132383105178,0,2.93689177353106,0,2.90206446205225,0,0,0,2.33615808377128,0,0,0,0,0,0,0,2.28981535211792
gene 96,0,0,0,0,0,0,0,0,2.2874265325632,3.5192776401074,0,0,0,0,0,3.46898683363297,0,0,0,3.68096621525778,0,0,2.6381292553027,0,0,2.968732060519,0,0,0,0,0,0,2.60733178829351,0,0,0,0,0,0,0,0,0,0,0,0,0,0,0,0,0,0,0,0,0,0,0,0,0,0,0,0,3.35826382047213,0,0,0,0,0,0,0,0,0,0,0,0,0,0,0,0,0,0,3.30114832223832,2.6502724004354,2.28981535211792
gene 97,2.32069378202026,2.13599579561425,3.21466146108072,4.77421085547012,0,0,0,3.54261149410068,2.2874265325632,0,0,0,2.59692199152242,0,0,3.46898683363297,0,2.76233604598158,3.3667810294603,0,0,0,0,0,0,0,0,0,0,0,0,0,0,0,0,0,0,0,2.29621992739132,0,0,0,0,0,2.33153014356912,0,0,0,0,0,0,0,0,0,0,0,0,0,0,0,0,0,0,0,0,0,0,3.15151154022394,0,0,0,0,0,2.77776009383232,0,0,0,0,2.35709500583626,0,0,0,0
gene 98,2.9634917335788,0,0,0,0,0,0,0,0,0,0,0,0,0,0,0,0,0,0,0,2.87089380727898,2.00286504198279,0,0,0,0,0,0,0,3.52966631275066,0,0,0,4.00654805041067,0,0,0,0,0,0,3.0550594383229,2.41813887907502,0,0,4.32213652463613,0,0,3.09443739290422,0,0,0,0,0,0,0,4.07230867382292,0,0,3.78935051422824,0,0,0,0,0,0,0,0,0,2.93689177353106,3.45700938115822,0,0,0,3.43932495007774,0,0,0,3.39791647550574,0,0,0,0,0
gene 99,0,0,0,0,0,0,0,0,0,0,0,0,0,0,0,0,0,0,0,0,0,0,0,0,0,0,0,0,0,0,0,0,0,0,0,0,0,0,0,0,0,0,0,0,4.32213652463613,0,0,0,0,0,0,0,0,0,0,0,0,0,0,0,0,0,0,0,0,0,0,0,0,0,0,0,0,0,4.68607193606898,0,0,0,0,0,0,0,0
gene100,0,0,0,0,0,0,0,0,0,0,0,0,0,0,0,0,0,0,0,0,0,0,0,0,0,0,0,0,0,0,0,0,0,0,0,0,0,0,0,0,2.40795571982421,0,0,0,0,0,0,0,0,0,0,0,0,0,0,0,3.17647393773925,0,0,0,0,0,0,0,0,0,0,0,0,0,0,0,0,0,0,0,0,0,0,0,0,0,0
gene101,0,2.76826340541852,3.21466146108072,0,0,0,1.64898177957307,3.93838389337641,2.92847619890372,0,3.78443398333915,2.88116376274183,2.59692199152242,2.88434764329278,3.48775645999774,0,2.6032685834703,2.76233604598158,2.3348933362267,3.68096621525778,2.23284851693176,3.00720467471623,0,2.62615392477935,0,2.968732060519,2.82571565195042,0,0,2.8654123694741,0,3.35159421491937,2.60733178829351,2.94368140337263,0,0,0,3.72337847036975,0,0,0,2.41813887907502,2.45430120071192,2.85147000782561,2.33153014356912,0,2.85609327444067,0,2.30999856153725,1.32770796428732,2.95052264812006,0,0,0,0,3.00720467471623,2.5242119953515,1.93857473574708,2.73496615500187,0,2.86854049623893,0,2.99992195783914,0,0,2.58323515477029,2.132383105178,3.15151154022394,2.93689177353106,0,0,0,0,0,2.70885946409458,2.64175437844846,3.05217358445894,2.73766512164114,0,3.77710629632414,3.30114832223832,3.30746490399945,2.28981535211792
gene102,0,0,0,0,0,0,0,0,0,0,0,0,0,0,0,0,0,0,0,0,0,0,0,0,0,0,0,0,0,0,0,0,0,0,0,0,0,0,0,0,0,0,0,0,0,0,0,3.76467387034869,0,0,0,0,0,4.01898878933024,0,4.75690035632682,0,0,0,0,0,0,0,0,0,0,0,0,0,0,0,0,0,0,0,0,0,0,0,0,0,0,0
gene103,2.32069378202026,0,0,0,0,0,0,2.87799118332661,2.2874265325632,2.85532106230035,0,0,0,0,0,0,1.98154045364792,0,0,0,0,0,0,0,0,0,0,0,0,0,0,0,0,0,0,0,0,0,0,0,0,0,0,0,0,0,0,0,0,0,0,0,0,0,0,3.00720467471623,0,0,0,0,0,0,2.99992195783914,0,0,0,0,0,0,0,0,0,0,0,0,0,0,0,0,0,0,0,0
gene104,0,0,3.21466146108072,0,0,0,0,0,0,0,0,2.24257055439926,0,0,0,0,0,0,0,4.07799630985936,0,0,0,0,0,0,0,0,0,0,0,0,0,0,0,0,0,0,0,0,0,2.41813887907502,0,0,2.33153014356912,0,0,0,0,0,0,0,0,0,0,0,0,0,0,0,0,0,0,0,0,0,0,3.15151154022394,0,0,0,0,0,0,0,0,0,0,0,0,0,0,0
gene105,0,0,0,0,0,0,0,0,0,0,0,0,0,0,0,0,0,0,0,0,0,0,0,0,0,0,0,0,0,0,0,0,0,0,0,0,0,0,0,0,0,0,0,0,0,0,0,0,0,0,0,0,0,0,0,0,0,0,0,0,0,0,0,0,0,0,0,0,0,0,0,0,0,0,0,0,0,0,0,0,0,0,0
gene106,2.32069378202026,0,0,4.5935768231222,0,0,0,0,0,0,0,0,0,0,0,0,0,0,0,0,0,0,0,0,0,0,0,0,0,0,0,0,2.60733178829351,0,0,0,0,3.05409646968604,0,0,0,0,0,0,2.97488449060745,0,0,2.4455946082635,0,0,0,0,0,0,0,0,0,0,0,0,0,0,0,0,2.65149611519828,3.91121484541747,0,0,0,0,2.90206446205225,0,0,0,0,0,0,3.39791647550574,0,0,0,0,0
gene107,3.35159421491937,0,3.21466146108072,3.6923470163782,0,0,1.64898177957307,0,0,0,0,4.09305304394729,0,0,2.44848680265199,0,2.9837470406707,2.76233604598158,2.3348933362267,2.367546638764,3.53530798480774,0,2.6381292553027,0,0,0,0,3.52966631275066,2.73766512164114,0,0,0,0,4.51006861751643,0,3.92693612562344,0,0,0,2.4455946082635,2.40795571982421,2.41813887907502,0,0,0,3.84405002184194,2.85609327444067,0,2.30999856153725,1.87866687629955,0,2.91352404047583,2.54560039204683,0,3.14617355544663,4.57629576488895,0,0,0,2.82721013683314,0,2.69932057657129,0,3.04452243772342,0,4.13034712839449,2.76442350715612,2.50026168277011,0,0,0,3.63316620935858,0,0,2.97974812890934,0,4.80375659940579,0,3.00173715267589,3.10658992544684,0,0,0
gene108,0,1.55450349098334,0,0,0,0,0,0,0,0,0,2.88116376274183,4.14490777650142,0,0,0,2.9837470406707,2.76233604598158,0,0,2.23284851693176,0,4.18867039309371,0,0,0,0,0,0,0,3.21351542149005,0,0,0,0,0,0,0,2.29621992739132,0,3.0550594383229,0,0,3.51531228776297,2.33153014356912,0,2.85609327444067,0,0,1.32770796428732,0,0,3.19874505913415,0,0,0,2.5242119953515,2.55704744654248,3.78935051422824,0,2.86854049623893,0,0,0,0,0,3.14866075167213,2.50026168277011,0,0,0,3.63316620935858,0,2.77776009383232,0,0,0,2.73766512164114,0,0,3.30114832223832,0,2.28981535211792
gene109,0,0,0,0,0,0,0,0,0,0,0,0,2.59692199152242,0,0,0,0,0,0,3.68096621525778,2.23284851693176,0,0,0,0,0,0,0,0,0,0,0,3.65554090455356,2.94368140337263,0,2.86697506219861,0,0,0,0,3.0550594383229,0,0,0,0,0,0,0,2.30999856153725,0,0,0,0,0,0,0,0,3.21065653505328,0,0,0,0,0,0,0,2.58323515477029,0,0,0,0,0,0,0,0,0,0,0,0,0,3.10658992544684,0,0,0
gene110,0,0,0,0,1.56429189394366,0,0,0,0,0,0,0,0,0,0,0,0,0,0,0,0,0,3.29487440202243,0,0,0,0,0,0,0,0,0,2.60733178829351,0,0,2.86697506219861,0,0,0,0,0,0,0,0,0,0,2.85609327444067,0,0,0,0,0,0,0,0,0,0,0,3.39512712165809,0,0,0,0,0,0,0,0,0,3.99951045955126,0,0,0,0,0,0,0,0,0,0,0,3.30114832223832,0,0
gene111,0,0,0,0,0,0,0,0,0,0,0,2.24257055439926,0,0,0,2.80651295380342,0,0,0,0,0,0,0,0,0,0,0,0,0,0,0,0,3.93674013052603,0,0,0,0,3.05409646968604,3.60403487245526,0,0,0,0,0,0,0,0,0,0,1.87866687629955,0,0,0,0,3.14617355544663,0,2.5242119953515,3.42570135470586,0,0,0,0,0,0,0,0,0,0,0,0,0,0,2.8499342352407,0,0,4.19251501481451,0,0,0,0,0,0,0
gene112,0,0,0,0,0,0,0,0,0,0,0,0,0,0,0,0,0,0,0,0,0,0,0,0,0,0,0,0,0,0,0,0,0,0,0,0,0,0,0,0,0,0,0,0,0,0,0,0,0,0,0,0,0,0,0,0,0,0,0,0,0,0,0,0,3.70193613594257,0,0,0,0,0,0,0,0,0,0,0,0,0,0,0,0,0,0
gene113,0,0,2.56089741343352,5.37650075229303,0,3.17372756127573,0,0,2.92847619890372,0,0,2.24257055439926,3.92571762448478,0,0,0,2.6032685834703,3.81794055829842,0,2.367546638764,3.25729560248601,0,0,2.62615392477935,0,0,0,0,0,0,0,0,0,0,0,0,2.92013871803569,3.05409646968604,0,0,0,0,0,0,0,3.56347818757266,2.85609327444067,0,0,0,0,2.91352404047583,0,3.34365316534829,3.14617355544663,0,2.5242119953515,2.55704744654248,0,0,3.53288599213482,0,0,0,0,0,0,0,0,0,0,0,0,0,0,4.65683694387588,0,0,0,0,3.97570331527048,0,0
gene114,2.32069378202026,2.13599579561425,0,3.6923470163782,0,0,0,3.54261149410068,0,0,0,2.88116376274183,0,0,3.09746040728121,0,3.47412385860295,0,2.3348933362267,0,0,2.62615392477935,0,0,2.93015302191896,0,0,0,0,0,0,0,3.65554090455356,0,0,3.53127477851527,3.58595262181841,3.05409646968604,0,0,0,3.45552288407289,0,0,3.36318535534858,0,0,0,0,0,3.61716549251262,0,0,0,0,0,3.17647393773925,2.93632827767813,3.78935051422824,0,3.53288599213482,0,2.99992195783914,0,0,0,0,3.54261149410068,0,3.45700938115822,0,4.02978148584137,0,0,0,0,0,2.73766512164114,2.35709500583626,0,3.30114832223832,0,0
gene115,0,0,0,0,0,0,0,0,0,0,0,0,0,0,0,0,0,2.76233604598158,0,3.40164860157505,0,0,0,0,0,0,0,0,0,0,0,0,0,0,0,0,0,0,0,0,0,0,0,0,0,0,0,0,0,0,0,0,0,0,0,0,0,0,0,0,0,0,0,0,3.30873338916716,0,0,0,0,0,0,0,0,0,0,0,0,0,0,0,0,0,0
gene116,0,0,0,0,1.56429189394366,1.90569785768983,0,0,2.92847619890372,0,0,0,0,0,0,0,3.65126720278965,0,0,0,0,0,0,0,2.28901830154527,0,0,0,0,0,0,0,2.60733178829351,0,2.8499342352407,0,0,0,0,0,0,3.45552288407289,3.10353660916048,0,0,0,0,4.56264539022367,0,0,0,0,0,0,0,0,0,0,0,0,0,0,0,0,0,0,0,0,0,0,0,0,0,0,0,0,0,0,0,0,0,0,0
gene117,0,2.13599579561425,0,0,0,0,0,0,0,0,0,0,0,0,0,0,0,0,0,0,2.87089380727898,0,0,0,0,0,2.82571565195042,0,0,0,0,3.35159421491937,0,0,0,0,0,0,0,0,0,0,0,0,0,0,0,0,0,0,0,0,0,0,0,0,0,0,0,0,0,0,0,0,0,0,0,0,0,0,0,0,0,0,0,0,0,0,0,0,0,4.53373071499334,0
gene118,0,0,0,0,0,0,0,0,0,0,0,0,0,0,0,0,0,0,0,0,0,0,0,0,0,0,0,0,0,0,0,2.69287596471807,0,0,0,0,0,0,0,0,0,0,0,0,0,0,0,0,0,0,4.29679233387509,0,0,0,0,0,0,0,0,0,0,0,0,0,0,0,0,0,0,0,0,0,0,0,0,0,0,0,0,0,0,0,0
gene119,2.32069378202026,0,0,0,0,0,0,0,0,0,0,0,0,0,0,0,0,0,0,0,0,0,0,0,0,2.968732060519,0,2.22766170952208,0,0,0,0,3.93674013052603,0,0,0,0,3.05409646968604,0,3.48468716880312,0,2.41813887907502,2.45430120071192,0,0,0,0,0,0,1.87866687629955,0,0,0,0,0,0,0,0,0,0,0,2.69932057657129,0,0,0,2.58323515477029,0,0,0,0,0,0,0,0,0,0,3.72140909741159,0,0,0,3.97570331527048,0,0
gene120,0,1.55450349098334,0,0,0,0,0,0,0,0,0,0,0,0,0,0,0,0,0,0,0,2.00286504198279,0,0,0,0,0,0,3.12132035171177,0,0,0,0,0,0,0,0,0,0,0,0,0,0,0,0,0,0,0,0,0,0,0,0,0,0,0,0,0,0,0,0,0,0,0,0,0,0,0,2.93689177353106,0,0,0,0,0,0,0,0,2.73766512164114,3.00173715267589,0,0,0,0
gene121,0,0,0,0,0,0,1.64898177957307,0,0,0,0,0,0,0,0,0,0,2.76233604598158,2.97841908235231,0,0,2.00286504198279,0,4.75690035632682,0,0,0,0,2.10723100359207,0,3.21351542149005,0,0,0,0,0,0,3.05409646968604,0,0,0,0,0,0,0,2.51999796959927,0,0,0,0,0,0,0,0,0,0,0,0,0,0,0,0,0,0,0,0,0,0,0,0,0,0,0,0,0,0,0,0,0,0,0,0,0
gene122,0,0,0,0,0,0,0,0,0,0,0,0,0,0,0,0,0,0,0,0,0,0,0,0,0,0,0,0,0,0,0,0,0,0,0,3.92693612562344,0,0,0,0,3.0550594383229,2.41813887907502,0,0,0,0,0,0,0,0,0,3.57915402537141,0,0,0,0,3.17647393773925,0,0,0,0,0,0,0,0,0,0,0,2.93689177353106,0,0,0,0,0,0,2.64175437844846,0,0,0,0,0,2.6502724004354,0
gene123,0,0,0,0,0,0,0,0,0,0,0,0,0,0,0,0,0,0,0,0,0,0,0,0,0,0,0,0,0,0,0,0,0,0,0,0,0,0,3.32538313578801,0,0,0,0,0,0,0,0,0,0,0,4.69770973271191,0,0,0,0,0,0,0,0,0,0,0,0,0,0,0,0,0,0,0,2.90206446205225,0,0,0,0,0,0,0,2.35709500583626,0,0,0,2.93099260826046
gene124,0,0,0,0,0,0,0,3.93838389337641,0,2.21811682755416,4.46615527634245,0,0,0,0,0,0,0,0,0,0,0,0,0,0,3.35692607791887,0,0,0,0,0,3.35159421491937,0,0,0,2.86697506219861,0,0,0,0,0,0,0,0,0,0,0,0,0,0,0,0,0,0,0,0,0,0,3.39512712165809,0,0,0,0,0,0,0,0,0,0,0,0,0,0,0,0,0,3.05217358445894,0,0,0,0,0,0
gene125,0,2.13599579561425,0,0,0,0,0,0,0,2.21811682755416,0,2.24257055439926,2.59692199152242,0,3.09746040728121,2.80651295380342,2.6032685834703,0,0,3.0127054000116,0,2.00286504198279,0,0,2.28901830154527,0,0,0,3.39791647550574,2.8654123694741,2.19226222776456,2.69287596471807,0,3.61013985386154,0,0,0,0,2.93773767990245,2.4455946082635,0,0,0,0,0,2.51999796959927,3.24220805634212,0,0,2.49234128600546,0,0,0,0,3.14617355544663,0,0,0,0,0,2.86854049623893,2.69932057657129,0,0,3.30873338916716,3.23788614470766,0,2.50026168277011,0,3.85191092505096,0,2.96610809164301,0,0,1.73531514495429,0,0,0,3.00173715267589,0,0,0,2.93099260826046
gene126,0,1.55450349098334,0,0,2.14693417019908,0,0,0,2.2874265325632,0,3.11375422929274,3.94167987092057,0,0,3.09746040728121,2.80651295380342,0,0,3.3667810294603,3.89905730118125,4.21377301926489,3.49806035680954,2.6381292553027,0,3.31766158260639,4.18411324034206,0,0,0,2.8654123694741,0,0,0,0,2.8499342352407,2.86697506219861,0,0,2.93773767990245,2.4455946082635,2.40795571982421,0,0,0,0,0,3.24220805634212,0,0,0,3.61716549251262,0,0,0,2.49514328641769,0,2.5242119953515,0,0,0,0,3.35826382047213,2.99992195783914,0,0,0,2.132383105178,0,0,3.45700938115822,0,4.3130090983208,0,0,1.73531514495429,0,3.05217358445894,0,2.35709500583626,0,0,0,0
gene127,2.32069378202026,0,0,4.08947296310886,3.16445076684326,0,2.2410672152004,3.54261149410068,0,2.21811682755416,0,3.2677621845069,0,0,3.09746040728121,0,0,3.81794055829842,3.3667810294603,4.36143404360094,2.23284851693176,0,0,0,0,2.968732060519,0,0,4.38800583341151,0,2.82795832328288,0,0,0,2.8499342352407,4.2096800377584,2.92013871803569,0,2.29621992739132,0,2.40795571982421,3.95363977605472,4.17176517727565,0,0,3.56347818757266,3.24220805634212,4.31430778944623,2.30999856153725,1.87866687629955,4.29679233387509,0,2.54560039204683,3.34365316534829,2.49514328641769,4.07230867382292,3.56793053402898,3.75283686503574,0,2.82721013683314,3.53288599213482,4.43340574368716,4.56871206557282,4.39444915467244,3.30873338916716,0,3.14866075167213,0,2.93689177353106,0,4.46658053383695,4.3130090983208,0,3.83403700481132,1.73531514495429,3.69171116463307,3.05217358445894,2.73766512164114,3.66972002336418,3.10658992544684,2.64417957597193,2.6502724004354,3.31851637469095
gene128,0,0,0,3.6923470163782,0,0,0,0,0,0,0,0,0,0,2.44848680265199,0,2.6032685834703,0,0,0,0,0,0,0,0,0,0,0,0,0,0,0,0,2.94368140337263,0,0,0,0,0,0,0,0,0,0,0,0,2.85609327444067,0,0,2.23185797668271,0,0,0,0,0,0,0,2.93632827767813,0,0,3.53288599213482,3.75206260153019,0,3.04452243772342,0,0,0,0,0,2.7948994212346,0,0,0,3.43932495007774,3.36813298692179,0,0,0,0,0,2.64417957597193,0,2.28981535211792
gene129,0,0,0,0,0,0,0,0,0,0,0,0,0,0,0,0,0,0,0,0,0,0,0,0,0,0,0,0,0,0,0,0,0,0,0,0,0,0,0,0,0,0,0,0,0,0,0,0,0,0,0,3.57915402537141,0,0,0,0,0,0,0,0,0,0,0,0,0,0,0,0,0,0,0,0,0,0,0,0,0,0,0,0,0,0,0
gene130,0,0,0,0,0,0,0,0,0,0,0,2.88116376274183,0,0,0,0,0,0,0,0,0,0,0,0,0,0,0,0,0,0,0,0,0,0,0,0,0,0,0,0,0,0,0,2.85147000782561,0,3.17208366336144,0,0,0,0,0,0,0,0,0,3.00720467471623,0,0,0,0,0,0,0,0,0,0,3.14866075167213,0,0,0,0,0,4.74498877595857,0,0,0,0,0,0,0,2.64417957597193,0,0
gene131,0,0,0,0,0,0,2.2410672152004,0,0,0,0,0,0,0,0,0,0,0,0,0,0,0,0,0,0,2.968732060519,0,0,0,2.8654123694741,0,0,0,0,0,0,0,0,0,0,0,0,0,0,0,0,0,0,0,0,0,0,0,0,0,0,0,0,0,0,0,0,0,0,0,0,0,0,0,0,0,0,0,0,0,0,4.62307347748062,0,0,0,0,0,0
gene132,0,0,0,0,0,0,0,0,0,0,0,0,0,0,0,0,0,0,2.3348933362267,2.367546638764,0,0,0,0,0,0,2.82571565195042,3.52966631275066,0,0,0,0,0,3.61013985386154,0,0,0,0,0,0,0,0,0,0,0,0,2.85609327444067,0,0,0,0,0,0,0,0,0,0,0,0,0,0,0,0,0,0,0,0,0,0,0,2.90206446205225,0,0,0,2.70885946409458,0,0,2.73766512164114,2.35709500583626,0,2.64417957597193,0,0
gene133,0,2.13599579561425,0,3.6923470163782,0,0,0,3.54261149410068,2.2874265325632,0,0,2.24257055439926,0,0,0,0,0,0,0,2.367546638764,0,0,0,0,0,0,0,0,0,0,0,0,0,0,0,0,3.58595262181841,3.05409646968604,2.29621992739132,2.4455946082635,0,0,2.45430120071192,0,2.33153014356912,0,0,2.4455946082635,2.30999856153725,0,0,3.57915402537141,0,2.6852046975842,0,0,2.5242119953515,1.93857473574708,0,0,0,0,0,0,2.65149611519828,0,0,0,0,0,0,0,0,0,1.73531514495429,0,0,0,0,0,0,0,2.28981535211792
gene134,0,0,0,0,0,2.52157578583493,0,0,0,0,0,0,0,0,2.44848680265199,0,0,0,0,0,0,0,0,0,0,0,0,0,0,0,0,0,0,0,0,0,0,0,0,0,3.0550594383229,0,0,0,0,0,0,2.4455946082635,0,0,0,0,0,0,0,0,0,0,0,0,0,0,0,0,0,0,0,0,0,0,0,0,4.59228624033085,0,0,0,0,0,3.00173715267589,0,0,0,0
gene135,0,1.55450349098334,0,0,0,0,0,0,0,0,0,0,0,0,0,0,0,0,0,2.367546638764,0,0,0,0,0,0,0,0,0,0,0,0,0,0,0,0,0,0,2.29621992739132,0,0,0,0,0,0,0,0,0,0,0,0,0,0,0,0,0,0,0,0,0,0,0,0,0,0,0,2.76442350715612,0,4.28260085453587,0,0,0,0,0,3.192678577847,0,0,0,0,0,0,0,0
gene136,2.32069378202026,0,0,0,0,0,0,0,0,0,0,0,0,0,0,0,0,2.76233604598158,0,0,0,0,0,0,0,3.63585944261266,0,0,0,0,0,0,0,0,2.8499342352407,0,0,3.05409646968604,0,0,3.72436468538389,0,0,0,0,0,0,0,0,0,0,0,0,0,0,0,0,0,0,0,0,0,0,0,0,0,0,0,0,0,0,0,0,0,0,4.65683694387588,0,0,2.35709500583626,0,0,0,0
gene137,0,2.50128907920595,0,0,0,0,1.64898177957307,0,0,0,0,2.24257055439926,0,0,0,2.80651295380342,0,2.76233604598158,0,0,0,0,0,0,0,2.32567743477466,0,2.8654123694741,2.10723100359207,0,2.19226222776456,0,0,3.61013985386154,0,0,0,0,2.93773767990245,0,3.0550594383229,2.41813887907502,0,0,0,2.51999796959927,2.85609327444067,2.4455946082635,0,1.87866687629955,2.95052264812006,0,0,0,0,0,2.5242119953515,0,0,0,0,0,0,0,2.65149611519828,3.23788614470766,0,2.50026168277011,0,0,0,0,0,0,0,3.29863366597572,0,0,0,0,0,0,0
gene138,0,0,0,0,0,2.52157578583493,0,0,0,0,0,0,0,0,0,0,0,0,0,0,2.87089380727898,0,2.6381292553027,0,0,0,0,0,0,0,0,0,0,0,0,0,0,0,0,0,3.44469325016474,0,0,0,0,0,0,0,0,0,0,0,0,0,0,0,0,1.93857473574708,0,0,0,0,0,0,0,0,0,0,0,0,0,4.3130090983208,0,0,0,0,0,0,2.35709500583626,0,0,0,0
gene139,0,0,0,0,0,0,0,0,0,0,0,0,0,0,0,0,0,2.76233604598158,0,3.0127054000116,3.53530798480774,0,0,2.62615392477935,0,0,0,0,0,0,0,3.35159421491937,0,0,0,0,0,0,0,0,0,0,0,0,0,0,0,2.4455946082635,0,0,0,0,0,0,0,0,0,2.55704744654248,0,0,0,0,0,0,2.65149611519828,0,0,0,0,4.81937684052396,0,0,0,0,0,2.64175437844846,0,0,0,0,3.30114832223832,0,2.28981535211792
gene140,0,3.15258287274575,2.56089741343352,0,0,0,0,0,0,0,0,2.88116376274183,3.25210634399848,0,3.76776683536065,0,2.6032685834703,0,0,3.0127054000116,3.53530798480774,3.95665312444481,3.68790495346836,3.28245234496958,2.28901830154527,2.32567743477466,0,3.25170837269173,2.73766512164114,0,2.19226222776456,0,0,0,0,0,0,3.05409646968604,2.29621992739132,3.09443739290422,2.40795571982421,0,0,2.85147000782561,0,3.84405002184194,3.24220805634212,0,2.95224111198918,1.32770796428732,0,2.91352404047583,0,0,4.36772857357678,3.67532648770923,3.17647393773925,1.93857473574708,0,2.82721013683314,0,0,0,0,3.70193613594257,0,2.132383105178,0,3.60316593583991,3.45700938115822,2.90206446205225,2.96610809164301,0,0,2.97974812890934,3.29863366597572,0,3.39791647550574,3.00173715267589,3.49702487532586,2.64417957597193,2.6502724004354,0
gene141,0,2.13599579561425,0,0,0,0,0,0,0,0,0,0,3.25210634399848,0,0,0,0,2.76233604598158,0,0,2.23284851693176,0,0,0,0,0,0,0,0,0,0,0,0,0,0,0,0,0,0,0,0,0,0,0,0,0,2.85609327444067,0,0,0,2.95052264812006,0,0,0,0,0,0,0,0,0,0,0,0,0,0,2.58323515477029,0,0,0,2.7948994212346,0,3.63316620935858,0,0,0,2.64175437844846,0,0,0,0,0,0,0
gene142,0,0,0,0,3.4415173605489,0,0,0,0,0,0,0,0,0,0,0,0,0,0,0,3.25729560248601,0,0,0,0,0,0,0,0,0,0,0,0,0,0,0,0,0,0,0,0,0,0,4.74660460657151,0,0,0,0,0,0,0,0,0,0,0,0,0,0,0,0,0,0,0,0,0,0,0,0,2.93689177353106,0,0,0,0,0,1.73531514495429,0,0,0,0,0,0,0,0
gene143,0,0,0,0,0,0,0,0,0,0,4.6869979000856,0,0,0,0,0,0,0,0,0,0,0,0,0,0,0,0,0,0,0,0,0,0,0,0,0,0,0,0,0,0,0,2.45430120071192,0,0,0,0,0,0,0,0,0,0,0,0,0,0,0,3.39512712165809,0,0,0,0,0,0,0,0,0,0,0,0,0,0,0,0,0,0,0,0,0,0,0,0
gene144,0,0,2.56089741343352,3.6923470163782,0,0,0,0,0,0,0,0,0,0,0,0,0,0,2.97841908235231,3.0127054000116,0,0,0,0,0,2.32567743477466,0,0,0,0,0,0,0,0,2.8499342352407,3.53127477851527,2.92013871803569,0,0,2.4455946082635,0,0,0,0,0,0,2.21884704134939,0,0,0,0,0,0,0,0,0,0,0,0,0,0,0,0,0,2.65149611519828,0,0,2.50026168277011,0,2.7948994212346,0,0,3.5137308074496,2.77776009383232,0,2.64175437844846,0,0,0,0,0,0,0
gene145,0,0,0,0,0,0,0,0,0,0,0,0,0,0,0,0,3.25869769466493,0,2.97841908235231,0,0,0,0,0,0,0,0,0,0,0,0,0,0,0,0,0,0,0,0,3.76467387034869,0,3.06571987848673,0,3.23749424360531,0,0,0,0,0,0,0,0,0,0,4.03631552150858,0,0,0,3.39512712165809,0,0,0,0,0,0,0,0,0,0,0,0,0,0,0,0,2.64175437844846,4.80375659940579,0,0,3.10658992544684,2.64417957597193,0,0
gene146,0,0,0,0,0,0,1.64898177957307,0,0,0,0,0,0,0,0,0,0,0,0,0,0,0,0,0,0,0,0,0,0,0,0,0,0,0,0,0,0,0,0,0,0,0,0,0,0,0,0,0,0,0,0,0,0,0,0,0,0,0,0,0,0,0,0,0,0,0,0,0,0,0,0,0,0,0,0,0,0,0,0,0,0,0,0
gene147,2.32069378202026,0,0,0,0,0,1.64898177957307,0,0,0,0,0,0,2.88434764329278,0,0,2.6032685834703,0,2.3348933362267,0,2.23284851693176,2.00286504198279,0,0,0,2.968732060519,0,2.22766170952208,0,0,0,0,0,0,2.8499342352407,0,0,0,0,0,2.40795571982421,3.73528094627233,3.49392524886301,0,0,4.64301632847821,0,0,0,0,0,0,2.54560039204683,0,0,0,0,0,2.73496615500187,0,0,0,0,0,0,3.63018266988631,0,2.50026168277011,0,3.45700938115822,0,0,3.90921777150451,0,1.73531514495429,0,3.05217358445894,0,2.35709500583626,0,0,0,2.28981535211792
gene148,0,2.50128907920595,3.60664647619156,0,0,0,0,0,0,0,0,3.7632339086349,4.32458502399654,2.88434764329278,3.09746040728121,0,0,2.76233604598158,4.04252743335426,3.68096621525778,0,2.62615392477935,4.65297037358861,0,2.28901830154527,2.968732060519,3.48878178667972,0,3.39791647550574,0,0,0,3.26291675365922,0,3.90921777150451,4.42984894532843,2.92013871803569,0,4.00038735413809,3.09443739290422,0,3.73528094627233,3.49392524886301,3.23749424360531,2.97488449060745,4.06290303638728,3.52007271671715,3.98317161276295,2.95224111198918,2.49234128600546,4.69770973271191,0,2.54560039204683,4.57087285221356,0,3.67532648770923,0,3.75283686503574,0,2.82721013683314,3.92856319997294,3.35826382047213,0,3.04452243772342,0,0,3.64217354759646,4.98643733915753,0,0,0,3.63316620935858,4.19187318558952,0,2.33615808377128,3.69171116463307,0,2.73766512164114,0,0,4.19508658590879,4.20154548854795,2.93099260826046
gene149,5.51718733629717,0,0,0,0,0,4.74009766245743,0,0,0,0,0,0,0,0,0,0,0,0,0,0,0,3.29487440202243,0,0,0,0,0,0,3.92531180041693,0,0,0,5.88808049422634,0,0,0,0,0,0,0,0,0,0,0,0,0,0,0,0,0,0,0,3.34365316534829,0,0,0,0,0,0,0,0,0,0,0,0,0,0,0,0,0,0,0,0,0,5.21237451886871,0,0,0,0,0,0,0
gene150,0,1.55450349098334,0,0,0,0,0,0,0,0,0,2.24257055439926,0,2.88434764329278,0,0,0,0,0,0,0,2.00286504198279,0,0,0,0,0,0,0,0,2.82795832328288,0,0,0,0,0,0,0,0,0,0,3.06571987848673,0,2.85147000782561,0,0,0,0,0,0,0,0,0,0,0,0,0,0,0,0,0,0,0,0,0,2.58323515477029,0,0,0,0,0,0,0,0,2.70885946409458,4.19251501481451,0,0,3.39049660996152,0,0,0,0
gene151,0,0,0,0,0,0,0,0,0,0,0,0,0,0,0,0,2.6032685834703,0,0,0,0,0,0,0,2.28901830154527,0,0,0,0,0,0,0,0,0,0,0,0,0,0,2.4455946082635,0,0,0,2.85147000782561,0,0,2.21884704134939,0,0,0,0,0,0,0,0,0,0,0,0,0,0,0,0,0,0,0,0,0,0,0,0,0,0,0,0,0,0,0,0,0,0,0,0
gene152,0,0,0,0,0,0,1.64898177957307,0,2.2874265325632,0,0,0,0,0,0,0,0,0,0,0,0,2.00286504198279,0,0,0,0,0,0,0,0,0,0,0,0,0,0,0,0,0,0,0,0,0,0,0,0,0,0,0,0,0,0,0,0,0,0,0,2.55704744654248,0,0,0,0,0,0,0,0,0,0,0,0,0,0,0,0,0,0,0,0,0,0,0,0,0
gene153,0,0,0,0,0,0,0,0,2.2874265325632,0,0,0,0,0,0,0,0,0,0,0,0,2.00286504198279,0,0,0,0,0,2.22766170952208,0,0,0,0,0,2.94368140337263,0,0,0,0,0,0,0,0,0,0,0,0,0,0,2.30999856153725,0,0,0,0,0,0,0,0,0,0,0,0,2.69932057657129,0,0,0,0,0,0,0,0,0,2.96610809164301,0,0,1.73531514495429,0,0,0,0,3.10658992544684,0,0,0
gene154,0,0,0,0,0,0,0,0,0,0,0,0,0,2.88434764329278,0,0,0,0,0,0,0,2.00286504198279,0,0,0,0,0,2.22766170952208,0,0,0,0,0,0,0,0,0,0,2.29621992739132,3.48468716880312,0,0,0,0,0,0,0,0,0,0,0,0,0,0,0,0,0,0,0,0,0,0,0,0,0,0,0,0,0,0,0,4.5334704181702,0,0,0,0,0,0,0,0,0,0,0
gene155,0,0,0,0,0,0,0,0,0,0,0,0,0,0,0,0,0,0,0,4.36143404360094,0,0,0,0,0,0,0,0,0,2.8654123694741,0,0,0,0,0,0,0,0,0,0,0,0,0,0,0,0,0,0,0,0,0,0,0,0,0,3.00720467471623,0,0,0,0,0,0,0,0,0,0,0,0,0,0,0,0,0,0,0,0,0,0,0,0,0,0,0
gene156,0,1.55450349098334,0,0,0,1.90569785768983,0,0,0,0,0,0,0,0,0,0,0,0,0,0,2.23284851693176,2.00286504198279,3.68790495346836,0,0,2.32567743477466,0,0,0,0,2.82795832328288,0,0,0,0,0,0,0,0,3.48468716880312,0,0,2.45430120071192,0,0,0,0,0,0,1.32770796428732,0,0,0,0,0,3.00720467471623,2.5242119953515,2.55704744654248,0,0,0,0,0,0,0,0,0,0,0,0,0,0,0,0,0,2.64175437844846,0,2.73766512164114,0,0,0,0,0
gene157,0,2.13599579561425,0,0,0,0,1.64898177957307,0,0,0,0,2.24257055439926,0,0,0,0,0,0,0,0,0,0,0,0,0,0,0,0,0,0,0,0,0,0,0,0,0,0,0,0,0,0,0,0,0,0,0,0,0,0,0,0,0,0,0,0,0,0,0,0,0,0,0,0,0,0,0,0,4.50297924509154,0,0,0,0,0,0,0,0,0,0,0,0,3.30746490399945,0
gene158,0,0,0,0,0,0,0,0,0,0,0,0,0,0,0,0,0,0,0,0,0,0,0,0,0,0,0,0,0,0,0,0,0,0,0,0,0,0,0,0,0,0,0,0,0,0,0,0,0,0,0,0,0,0,0,0,0,0,0,0,0,0,0,0,0,0,0,0,0,0,0,0,0,0,0,0,0,0,0,0,0,0,0
gene159,0,0,0,0,0,0,0,0,0,0,0,0,0,0,0,0,2.9837470406707,0,0,0,0,0,0,0,0,0,0,0,0,0,0,0,0,0,0,0,0,0,2.93773767990245,0,0,0,0,0,0,0,0,0,0,1.32770796428732,0,0,0,0,0,0,0,0,0,0,0,0,0,0,0,0,0,0,0,0,0,0,0,0,0,0,0,0,0,0,0,0,0
gene160,0,0,0,0,0,1.90569785768983,0,0,0,0,0,0,0,2.88434764329278,0,0,1.98154045364792,0,0,0,0,2.00286504198279,0,0,0,0,0,0,0,3.92531180041693,0,0,0,4.00654805041067,0,0,0,0,5.08671884446837,0,0,0,0,0,2.33153014356912,0,3.24220805634212,0,0,1.32770796428732,0,0,0,0,0,0,0,2.55704744654248,0,0,0,5.40678608418551,0,0,0,0,0,0,0,0,0,2.96610809164301,2.8499342352407,0,0,0,0,0,3.00173715267589,0,4.776153193898,0,0
gene161,0,0,0,0,0,0,0,0,0,0,0,0,0,0,0,0,0,0,0,0,0,0,0,0,0,0,0,0,0,0,0,0,0,0,0,0,0,0,0,0,0,0,0,0,0,0,0,0,0,0,0,0,0,0,0,0,0,0,0,0,0,3.35826382047213,0,0,0,0,0,0,0,0,0,0,0,0,0,0,0,4.87563847372886,0,0,0,0,0
gene162,0,0,0,0,0,0,0,0,0,2.21811682755416,0,0,0,0,0,0,0,0,0,0,3.75260452000688,0,0,0,0,0,0,0,0,0,0,0,0,4.28967071982189,0,0,0,0,2.29621992739132,0,0,0,0,0,2.97488449060745,0,2.21884704134939,0,0,0,0,0,0,3.73727922202621,0,0,0,0,0,0,0,0,0,0,0,0,0,0,0,0,2.90206446205225,4.5334704181702,0,0,1.73531514495429,0,0,0,2.35709500583626,0,0,0,0
gene163,0,0,0,0,0,0,0,0,0,0,0,0,0,0,0,0,0,0,0,0,0,0,0,0,2.28901830154527,0,0,0,0,0,0,0,0,0,0,0,0,0,0,0,0,0,0,0,2.97488449060745,0,0,0,0,0,0,0,0,0,0,0,0,0,0,0,0,0,0,0,0,0,0,0,0,0,0,0,0,0,0,0,0,0,0,0,0,0,0
gene164,0,0,0,0,0,0,1.64898177957307,0,0,0,0,0,0,0,0,0,0,0,0,0,0,0,0,0,0,0,4.38657974557838,0,0,0,0,0,0,0,0,0,0,0,0,0,0,0,0,0,0,0,0,0,0,0,0,0,0,0,0,0,0,0,0,0,0,0,0,0,0,0,0,0,0,4.35420461060999,0,0,0,0,0,0,0,0,0,0,0,0,0
gene165,0,0,0,0,0,0,0,0,2.92847619890372,0,0,0,2.59692199152242,0,0,0,0,0,0,0,0,0,0,0,0,0,0,0,2.10723100359207,0,0,0,0,0,0,2.86697506219861,0,0,0,0,0,0,0,3.23749424360531,0,3.17208366336144,2.21884704134939,0,0,0,0,0,0,0,0,0,0,0,0,0,3.53288599213482,0,0,3.04452243772342,0,0,0,0,0,0,0,2.96610809164301,0,0,2.33615808377128,0,0,0,3.00173715267589,0,0,0,0
gene166,0,0,0,0,0,0,1.64898177957307,0,0,0,0,0,0,0,0,0,0,0,2.3348933362267,2.367546638764,2.87089380727898,2.62615392477935,0,0,0,0,3.48878178667972,0,0,0,0,0,0,0,0,0,0,0,0,0,3.44469325016474,0,0,0,0,2.51999796959927,2.21884704134939,0,3.34014541506842,0,4.01363738262826,0,0,0,4.36772857357678,0,0,0,0,0,0,0,0,3.04452243772342,2.65149611519828,0,0,0,2.93689177353106,0,2.90206446205225,0,0,3.83403700481132,1.73531514495429,0,3.72140909741159,2.73766512164114,0,0,0,0,2.28981535211792
gene167,3.84830936589831,0,3.60664647619156,0,0,2.52157578583493,2.2410672152004,0,0,2.21811682755416,0,3.7632339086349,3.25210634399848,4.44804210512519,0,4.1464371741879,3.25869769466493,3.81794055829842,4.32581158608494,3.0127054000116,2.87089380727898,3.00720467471623,4.18867039309371,5.04243206817825,0,3.35692607791887,0,2.8654123694741,2.10723100359207,2.8654123694741,3.8863501990009,4.2466438638198,4.33568009047197,2.94368140337263,4.74498877595857,2.86697506219861,4.2651477953719,4.12076025216187,2.93773767990245,3.09443739290422,2.40795571982421,4.7315775924176,2.45430120071192,2.21447567900599,2.33153014356912,3.17208366336144,3.24220805634212,5.5369317732113,0,3.14325084672134,3.61716549251262,0,0,0,3.14617355544663,0,4.06740631872273,3.42570135470586,3.39512712165809,4.16810611962304,2.86854049623893,2.69932057657129,2.99992195783914,4.11087386417331,4.66722291258697,2.58323515477029,0,2.50026168277011,2.93689177353106,3.45700938115822,3.56737284222055,4.5334704181702,0,3.83403700481132,3.36813298692179,4.37231535607987,3.05217358445894,4.07420083629597,4.66497116423808,0,0,0,0
gene168,0,0,0,0,0,0,1.64898177957307,3.54261149410068,0,0,0,0,0,0,0,0,2.6032685834703,2.76233604598158,0,3.0127054000116,2.87089380727898,2.00286504198279,0,0,0,0,0,0,0,0,2.19226222776456,0,0,0,0,0,0,0,0,2.4455946082635,0,0,0,2.21447567900599,2.33153014356912,0,0,2.4455946082635,0,2.49234128600546,4.29679233387509,2.91352404047583,0,0,0,0,2.5242119953515,1.93857473574708,2.73496615500187,0,0,0,0,3.04452243772342,0,0,2.76442350715612,2.50026168277011,3.99951045955126,0,0,0,0,0,0,2.64175437844846,3.05217358445894,0,0,0,0,0,0
gene169,0,0,0,0,0,0,0,0,0,0,0,2.24257055439926,0,0,3.09746040728121,0,0,0,2.3348933362267,2.367546638764,0,0,2.6381292553027,0,2.28901830154527,0,0,0,0,0,2.19226222776456,0,0,0,0,0,0,0,0,2.4455946082635,0,0,0,0,0,2.51999796959927,0,0,0,0,0,0,0,0,2.49514328641769,0,0,0,0,0,0,2.69932057657129,2.99992195783914,0,0,0,0,0,0,0,0,0,0,0,1.73531514495429,0,0,0,0,0,0,0,0
gene170,0,0,0,0,0,0,0,2.87799118332661,0,0,0,0,0,0,0,0,0,0,0,3.0127054000116,2.23284851693176,0,0,0,0,0,0,0,0,3.52966631275066,0,2.69287596471807,0,0,0,0,0,0,0,0,0,3.95363977605472,0,0,2.33153014356912,0,0,0,0,0,0,0,0,0,0,0,0,0,0,0,0,0,0,0,0,0,0,0,0,0,0,0,3.5137308074496,0,0,0,0,0,0,0,0,0,0
gene171,0,0,0,0,0,1.90569785768983,0,0,0,0,0,0,0,0,0,2.80651295380342,0,0,0,0,0,0,2.6381292553027,0,0,0,0,0,0,0,0,0,0,0,0,0,0,0,0,0,0,0,0,0,0,0,0,0,0,0,0,0,0,0,0,0,0,1.93857473574708,0,0,0,0,0,0,0,3.23788614470766,0,2.50026168277011,0,0,0,0,0,0,0,0,0,2.73766512164114,0,0,0,0,0
gene172,0,0,0,0,0,4.24404508985011,0,0,0,0,0,0,0,0,0,2.80651295380342,0,0,0,0,0,0,0,0,5.74070467627786,0,0,0,0,0,0,0,0,0,0,0,0,0,0,0,0,0,0,0,0,0,0,0,0,0,0,0,0,0,0,0,0,0,0,0,0,0,0,0,0,0,0,0,0,0,0,0,0,0,0,0,0,0,0,0,0,0,0
gene173,3.35159421491937,0,0,0,0,0,0,0,0,0,0,3.2677621845069,0,0,0,0,1.98154045364792,0,0,0,0,0,2.6381292553027,0,0,0,0,0,0,0,0,0,0,0,0,0,0,0,0,0,0,0,0,0,0,0,0,0,0,1.32770796428732,2.95052264812006,0,0,0,0,0,2.5242119953515,0,0,0,0,0,0,0,0,0,0,0,0,0,0,0,0,0,0,0,3.05217358445894,0,0,0,0,0,0
gene174,0,0,0,0,0,0,0,0,0,0,0,0,0,0,0,0,0,0,2.3348933362267,2.367546638764,0,0,0,0,0,0,0,0,0,0,2.19226222776456,0,0,0,0,0,0,0,0,0,0,0,0,0,0,0,0,0,0,0,0,0,0,0,0,0,0,0,0,0,0,0,0,0,0,0,0,0,0,0,0,0,0,0,1.73531514495429,0,0,3.39791647550574,0,0,4.5272439733414,0,0
gene175,0,0,0,0,0,0,1.64898177957307,0,0,0,0,0,0,0,0,0,0,0,0,0,0,2.00286504198279,0,0,0,0,0,3.25170837269173,0,0,2.82795832328288,0,0,0,0,0,2.92013871803569,0,0,0,2.40795571982421,0,0,0,0,3.17208366336144,0,0,0,0,0,2.91352404047583,0,0,0,3.00720467471623,0,0,0,0,0,0,0,0,0,2.58323515477029,0,0,0,0,0,0,3.5137308074496,0,0,0,0,0,0,0,0,0,0
gene176,0,0,0,0,0,0,0,0,0,0,4.46615527634245,0,0,0,0,0,0,0,3.3667810294603,0,0,0,0,0,0,0,0,0,0,0,0,0,2.60733178829351,0,0,0,0,0,0,0,0,0,0,0,0,0,0,0,0,0,0,0,0,0,0,0,0,0,0,0,0,0,0,0,0,0,0,0,0,0,0,0,0,0,0,0,0,0,0,0,0,0,0
gene177,0,0,0,0,0,0,0,0,0,0,0,0,0,0,0,0,0,0,0,0,0,0,0,0,0,0,0,0,0,0,0,0,0,0,2.8499342352407,0,0,0,0,0,0,0,0,0,0,0,0,2.4455946082635,0,0,0,0,0,0,0,0,0,0,0,0,0,0,0,0,0,0,0,0,0,0,0,0,0,0,0,0,0,0,0,0,0,0,0
gene178,0,0,0,0,0,0,3.65881001731908,0,0,0,0,0,0,0,0,0,0,3.81794055829842,0,0,0,0,0,0,0,0,0,0,0,0,0,0,0,0,0,0,0,0,0,0,2.40795571982421,0,0,0,0,0,0,0,0,0,0,0,0,0,0,0,0,0,0,0,0,0,0,0,0,0,0,0,0,0,2.90206446205225,0,0,0,0,0,0,0,0,0,0,0,0
gene179,0,0,0,0,0,0,0,0,0,0,0,0,0,0,0,0,0,0,0,0,0,0,0,0,0,0,0,0,0,0,0,0,0,0,0,0,0,0,0,0,0,0,0,0,0,0,0,0,2.30999856153725,0,0,0,0,0,0,0,0,0,0,0,0,0,0,0,0,0,0,0,0,0,0,0,0,0,0,0,0,0,0,0,0,0,0
gene180,2.32069378202026,0,0,0,0,0,0,0,0,0,0,0,0,0,0,0,2.6032685834703,0,0,0,0,0,0,0,0,0,0,0,0,0,0,0,0,0,0,0,0,0,0,0,0,0,0,0,0,0,0,0,0,0,0,0,0,0,0,0,0,0,0,0,0,0,0,0,0,0,0,0,0,3.85191092505096,0,0,0,0,2.33615808377128,0,0,3.39791647550574,0,0,3.69425712534805,0,0
gene181,0,0,0,0,0,0,0,0,0,0,0,0,0,0,0,0,0,0,0,0,0,0,3.29487440202243,0,0,0,0,0,0,0,0,0,0,0,0,0,0,0,0,0,0,0,0,0,0,0,0,0,0,0,0,0,0,0,0,0,0,0,0,0,0,0,0,0,0,0,0,0,0,0,0,0,0,0,2.70885946409458,0,0,0,0,0,0,0,3.31851637469095
gene182,0,0,0,0,0,2.52157578583493,0,0,0,0,0,0,0,0,0,0,0,0,0,0,0,0,0,0,0,0,0,0,0,0,0,0,0,0,0,0,0,0,0,0,0,0,0,0,0,0,0,0,0,0,0,0,0,0,0,0,0,0,0,0,0,0,0,0,0,0,0,0,0,0,0,2.96610809164301,0,0,1.73531514495429,0,0,0,0,0,0,0,0
gene183,0,1.55450349098334,0,0,0,0,0,0,0,0,0,0,3.64459001603011,0,0,0,0,0,0,0,2.23284851693176,0,0,2.62615392477935,0,3.35692607791887,0,0,2.10723100359207,0,0,0,0,0,0,0,0,3.05409646968604,0,2.4455946082635,0,0,0,0,0,0,0,0,0,0,0,2.91352404047583,0,0,0,0,0,1.93857473574708,2.73496615500187,0,0,0,0,0,0,2.58323515477029,2.76442350715612,0,3.60316593583991,0,0,0,3.5137308074496,0,1.73531514495429,2.64175437844846,0,0,2.35709500583626,0,3.30114832223832,0,0
gene184,0,2.97877330359637,0,4.08947296310886,2.14693417019908,0,0,2.87799118332661,0,0,0,0,0,0,0,0,0,0,0,0,2.87089380727898,0,4.96882074366325,0,0,0,0,0,0,0,3.21351542149005,2.69287596471807,0,0,0,0,0,0,0,0,0,0,0,0,0,0,0,0,0,0,0,0,0,0,0,0,3.8485340672313,0,0,0,0,0,0,0,0,0,0,0,0,2.7948994212346,0,0,0,0,2.33615808377128,0,0,0,2.35709500583626,0,0,0,2.28981535211792
gene185,3.35159421491937,0,0,0,0,0,1.64898177957307,0,2.2874265325632,0,0,0,0,0,0,0,0,0,0,0,2.23284851693176,0,0,0,0,0,0,0,0,0,0,0,0,0,0,3.53127477851527,0,0,0,0,0,2.41813887907502,0,0,0,0,2.21884704134939,0,0,0,0,0,0,4.41844550704077,0,4.57629576488895,0,0,0,0,0,0,0,3.04452243772342,0,2.58323515477029,0,0,0,0,0,0,0,0,0,0,0,0,0,2.4572235330968,0,0,0
gene186,2.32069378202026,0,0,0,0,0,0,2.87799118332661,2.2874265325632,0,0,0,0,2.88434764329278,2.44848680265199,3.46898683363297,0,0,0,0,3.25729560248601,0,2.6381292553027,0,0,0,2.82571565195042,0,3.39791647550574,0,0,3.74531446586581,3.26291675365922,0,0,0,0,0,0,0,4.12175446740286,3.06571987848673,4.45558354316581,3.51531228776297,0,0,0,2.4455946082635,0,0,0,0,0,0,2.49514328641769,0,0,1.93857473574708,0,0,0,0,0,0,3.30873338916716,0,0,0,0,2.7948994212346,0,0,0,0,0,0,0,0,2.35709500583626,0,0,0,0
gene187,0,2.13599579561425,0,3.6923470163782,2.77988441721128,0,1.64898177957307,0,2.2874265325632,0,0,0,0,0,0,0,0,0,0,0,0,0,0,0,0,0,0,0,2.73766512164114,0,0,3.35159421491937,0,0,0,0,0,0,0,0,0,0,0,0,0,0,0,0,0,1.32770796428732,0,3.57915402537141,0,0,0,3.00720467471623,0,0,0,0,0,0,0,0,0,0,2.76442350715612,2.50026168277011,0,0,0,2.96610809164301,2.8499342352407,0,2.33615808377128,0,0,2.73766512164114,0,0,0,0,0
gene188,0,0,0,0,3.6582371096481,0,0,0,0,0,0,0,0,0,0,0,0,0,0,0,0,0,0,0,0,0,0,0,0,0,0,0,0,0,0,0,0,3.05409646968604,0,0,0,0,4.45558354316581,0,0,0,0,0,0,0,0,0,0,0,0,0,0,0,0,0,0,0,0,0,0,0,0,0,0,0,0,0,0,0,0,0,0,0,0,0,0,0,0
gene189,0,2.76826340541852,0,0,0,0,0,0,0,0,3.11375422929274,0,0,0,0,0,0,0,2.3348933362267,3.40164860157505,0,0,0,0,0,0,3.48878178667972,0,0,0,0,3.74531446586581,0,2.94368140337263,0,0,0,0,0,2.4455946082635,0,0,0,0,0,0,0,0,0,2.23185797668271,0,0,0,0,0,0,0,1.93857473574708,0,0,0,0,0,4.11087386417331,2.65149611519828,0,0,0,0,0,0,0,2.8499342352407,0,2.33615808377128,0,0,3.39791647550574,0,0,0,0,0
gene190,0,0,0,0,0,0,1.64898177957307,0,0,0,0,2.24257055439926,0,0,2.44848680265199,0,0,2.76233604598158,2.3348933362267,2.367546638764,0,0,0,0,0,0,0,0,0,0,0,3.74531446586581,2.60733178829351,0,0,2.86697506219861,0,0,3.32538313578801,3.09443739290422,0,0,0,0,2.33153014356912,0,0,2.4455946082635,0,2.49234128600546,0,0,0,3.34365316534829,0,0,0,1.93857473574708,0,0,0,2.69932057657129,0,0,3.30873338916716,0,0,2.50026168277011,0,0,0,0,0,3.43932495007774,0,0,0,0,0,2.4572235330968,0,0,2.28981535211792
gene191,2.9634917335788,0,0,0,0,1.90569785768983,0,2.87799118332661,0,0,0,0,0,3.5491512949519,3.76776683536065,0,2.9837470406707,0,2.97841908235231,0,0,3.00720467471623,0,0,0,2.968732060519,0,2.8654123694741,3.39791647550574,2.8654123694741,3.70812426444933,0,0,2.94368140337263,3.90921777150451,4.42984894532843,3.98213805405628,0,3.60403487245526,3.98317161276295,3.44469325016474,3.45552288407289,0,2.21447567900599,2.33153014356912,0,2.21884704134939,0,0,0,0,0,0,0,0,4.07230867382292,0,1.93857473574708,2.73496615500187,0,2.86854049623893,3.75206260153019,0,0,0,0,3.64217354759646,3.15151154022394,0,0,2.90206446205225,3.63316620935858,0,2.77776009383232,2.70885946409458,0,0,3.39791647550574,0,0,2.64417957597193,0,2.28981535211792
gene192,0,2.50128907920595,0,0,2.14693417019908,2.52157578583493,0,0,0,0,0,2.24257055439926,2.59692199152242,0,2.44848680265199,2.80651295380342,0,0,2.97841908235231,2.367546638764,2.87089380727898,0,2.6381292553027,2.62615392477935,0,0,0,0,2.10723100359207,2.8654123694741,3.21351542149005,4.02707197328566,3.26291675365922,0,0,0,3.58595262181841,0,0,0,3.72436468538389,2.41813887907502,3.10353660916048,2.85147000782561,0,0,2.21884704134939,0,0,0,3.61716549251262,0,0,0,0,0,0,2.93632827767813,3.78935051422824,0,0,0,2.99992195783914,0,0,0,3.42555748212033,0,2.93689177353106,2.7948994212346,2.90206446205225,0,0,0,2.33615808377128,0,0,0,3.39049660996152,0,0,0,0
gene193,0,1.55450349098334,0,0,1.56429189394366,0,0,0,0,0,0,2.88116376274183,0,2.88434764329278,0,2.80651295380342,0,0,2.3348933362267,0,0,2.00286504198279,2.6381292553027,3.95665312444481,0,0,0,2.8654123694741,0,2.8654123694741,0,0,2.60733178829351,0,0,2.86697506219861,0,0,0,0,0,0,3.10353660916048,3.23749424360531,0,3.56347818757266,3.52007271671715,2.4455946082635,0,0,4.5172097421762,0,0,0,2.49514328641769,4.07230867382292,4.53096859468583,0,0,0,0,3.35826382047213,0,0,0,0,2.132383105178,0,0,2.7948994212346,2.90206446205225,0,0,0,2.33615808377128,3.29863366597572,0,0,0,0,0,0,2.28981535211792
gene194,2.9634917335788,0,3.60664647619156,4.08947296310886,1.56429189394366,1.90569785768983,0,0,0,0,0,2.24257055439926,2.59692199152242,0,3.76776683536065,2.80651295380342,1.98154045364792,2.76233604598158,0,3.0127054000116,0,0,0,0,0,2.968732060519,0,3.74692967032708,2.10723100359207,0,0,4.02707197328566,3.26291675365922,0,0,0,0,0,3.60403487245526,0,2.40795571982421,0,3.10353660916048,2.21447567900599,2.33153014356912,2.51999796959927,0,3.76467387034869,0,2.86984712526128,4.69770973271191,0,2.54560039204683,2.6852046975842,0,3.00720467471623,0,0,0,3.88557129486245,0,0,0,0,0,0,2.132383105178,2.50026168277011,0,0,0,0,2.8499342352407,2.77776009383232,0,0,3.05217358445894,0,0,0,0,2.6502724004354,0
gene195,0,0,3.21466146108072,0,0,0,0,0,0,0,0,0,2.59692199152242,0,0,0,1.98154045364792,0,0,0,0,2.00286504198279,2.6381292553027,0,0,0,0,0,0,0,2.19226222776456,0,2.60733178829351,0,0,0,2.92013871803569,0,0,0,0,0,0,2.85147000782561,0,0,2.21884704134939,0,0,0,0,0,0,0,0,0,0,0,0,3.88557129486245,0,4.25345616772013,0,0,0,3.23788614470766,2.132383105178,0,2.93689177353106,0,0,0,0,0,3.36813298692179,2.64175437844846,0,3.39791647550574,0,0,0,0,0
gene196,0,2.76826340541852,0,0,1.56429189394366,0,0,2.87799118332661,2.92847619890372,0,0,2.88116376274183,3.92571762448478,0,3.09746040728121,0,0,2.76233604598158,2.3348933362267,0,0,2.00286504198279,2.6381292553027,2.62615392477935,2.28901830154527,2.32567743477466,4.5668252796802,2.8654123694741,2.73766512164114,0,2.82795832328288,2.69287596471807,0,0,0,0,3.98213805405628,0,2.93773767990245,2.4455946082635,0,3.73528094627233,3.49392524886301,3.73249037813831,0,3.17208366336144,3.24220805634212,3.48468716880312,0,2.69880325464323,4.01363738262826,0,3.19874505913415,0,3.81757785738262,0,2.5242119953515,0,3.39512712165809,0,2.86854049623893,0,2.99992195783914,0,0,0,2.132383105178,2.50026168277011,3.60316593583991,0,4.79976550859662,0,3.90921777150451,0,2.70885946409458,0,0,0,3.00173715267589,3.10658992544684,0,2.6502724004354,2.28981535211792
gene197,0,0,0,0,0,0,0,0,0,0,0,0,0,0,0,0,0,0,0,0,0,0,0,0,0,0,0,0,2.10723100359207,0,0,0,0,0,0,0,0,0,0,0,0,0,0,0,0,0,0,0,2.30999856153725,0,0,0,0,0,0,0,3.17647393773925,2.93632827767813,4.07136397990904,0,2.86854049623893,0,0,0,0,0,0,0,0,0,0,0,0,0,0,0,0,0,0,0,0,0,0
gene198,0,0,0,0,0,0,0,0,0,0,0,0,0,0,0,0,0,0,0,0,0,0,0,0,0,0,0,0,0,0,0,0,0,0,0,0,0,0,0,2.4455946082635,0,0,0,0,0,0,0,0,0,0,0,0,0,0,0,0,0,0,0,0,0,0,0,0,0,0,0,0,0,0,0,0,0,0,0,0,0,0,0,0,0,0,0
gene199,0,0,0,0,1.56429189394366,0,2.2410672152004,4.62174349621286,2.2874265325632,2.21811682755416,0,0,0,0,0,0,0,0,0,0,0,0,0,0,0,0,0,0,0,0,0,0,0,0,0,0,0,0,0,0,0,0,0,0,0,0,0,0,0,1.32770796428732,0,0,0,0,0,0,0,0,0,0,0,0,0,0,0,0,0,0,0,0,0,0,0,0,0,0,0,2.73766512164114,0,0,0,0,0
gene200,0,0,2.56089741343352,3.02380801661965,2.14693417019908,0,1.64898177957307,3.54261149410068,0,0,0,0,2.59692199152242,2.88434764329278,0,0,0,3.42340204021612,0,0,2.87089380727898,0,0,0,0,2.968732060519,0,0,0,2.8654123694741,3.21351542149005,0,0,0,2.8499342352407,0,0,0,0,0,0,0,0,0,2.97488449060745,0,0,0,0,0,2.95052264812006,0,0,0,2.49514328641769,0,0,0,0,0,2.86854049623893,2.69932057657129,0,0,3.30873338916716,0,0,0,0,0,0,0,0,0,2.33615808377128,0,4.40238255605998,4.29393743058429,0,0,0,0,2.93099260826046
gene201,3.63048060182674,2.13599579561425,2.56089741343352,0,0,0,1.64898177957307,2.87799118332661,2.92847619890372,2.85532106230035,3.11375422929274,2.24257055439926,0,0,3.48775645999774,0,0,3.42340204021612,2.3348933362267,3.40164860157505,3.93100898615622,0,2.6381292553027,4.17596393557503,0,3.63585944261266,4.5668252796802,2.22766170952208,3.12132035171177,3.92531180041693,4.0375651303289,0,2.60733178829351,0,0,3.92693612562344,2.92013871803569,4.12076025216187,0,3.48468716880312,3.72436468538389,2.41813887907502,4.77086491834518,0,2.97488449060745,4.06290303638728,2.21884704134939,4.162383929274,0,0,4.29679233387509,2.91352404047583,2.54560039204683,2.6852046975842,3.14617355544663,4.07230867382292,4.06740631872273,1.93857473574708,2.73496615500187,3.49032187509257,0,0,0,0,4.20284244368702,4.71096267687463,0,2.50026168277011,3.60316593583991,4.53438176007387,2.90206446205225,0,5.19380701419085,2.77776009383232,1.73531514495429,0,0,0,3.39049660996152,0,2.64417957597193,0,2.93099260826046
gene202,0,0,0,0,0,0,0,0,0,0,3.11375422929274,0,0,0,0,0,0,0,0,0,0,0,0,0,0,0,0,2.22766170952208,0,0,0,0,0,0,0,0,0,0,0,0,0,0,0,0,0,0,0,0,0,0,0,0,0,0,0,0,0,0,0,0,0,0,0,0,0,0,0,0,0,0,0,0,0,0,0,0,0,0,0,0,0,0,0
gene203,0,0,0,0,0,0,0,0,0,0,0,0,0,0,0,0,0,0,0,0,0,0,0,0,0,0,0,0,0,0,0,0,0,0,0,0,0,0,0,0,0,0,0,0,0,0,0,0,0,0,0,0,0,0,0,0,0,0,0,0,0,0,0,0,0,0,0,0,0,0,0,0,0,0,4.19554651308375,0,0,0,0,0,0,3.98213805405628,0
gene204,0,0,0,4.08947296310886,1.56429189394366,0,1.64898177957307,0,2.2874265325632,0,0,0,0,0,0,0,0,0,0,0,0,0,0,0,0,2.32567743477466,0,0,0,0,0,0,0,0,0,0,0,0,0,0,3.0550594383229,3.06571987848673,0,0,0,0,0,0,0,1.32770796428732,0,0,0,0,0,3.00720467471623,0,0,0,0,0,0,0,0,0,0,0,0,2.93689177353106,0,0,0,0,0,0,0,3.05217358445894,0,0,0,0,0,0
gene205,0,0,0,0,0,0,0,0,2.2874265325632,0,0,0,0,0,0,0,0,0,0,0,0,0,0,0,0,0,0,0,0,0,0,0,0,0,0,0,0,0,0,0,0,0,0,0,0,0,0,0,0,0,0,0,0,0,0,0,0,0,0,0,0,0,0,0,0,0,0,0,0,0,0,0,0,0,0,0,0,0,0,0,0,0,0
gene206,3.35159421491937,0,0,0,0,0,0,0,0,0,0,0,0,0,0,0,2.6032685834703,3.42340204021612,0,0,2.87089380727898,0,0,2.62615392477935,0,0,0,0,0,0,3.70812426444933,0,0,0,0,0,3.98213805405628,0,0,2.4455946082635,0,0,0,0,0,0,0,0,2.30999856153725,0,0,0,0,0,0,0,0,1.93857473574708,0,4.85348240857008,3.53288599213482,0,0,0,3.30873338916716,3.91121484541747,0,0,0,3.45700938115822,0,0,0,0,0,0,0,0,0,0,0,0,3.31851637469095
gene207,0,0,0,0,0,0,0,0,0,0,0,0,0,0,0,0,1.98154045364792,0,0,0,0,0,0,0,0,0,0,0,0,0,0,0,0,0,0,0,0,0,0,0,0,0,0,0,0,0,0,0,0,0,0,0,0,0,0,0,0,0,0,0,0,0,0,0,0,0,0,0,0,0,0,0,0,0,0,0,0,0,0,0,0,0,0
gene208,0,0,0,0,0,0,1.64898177957307,0,0,0,0,0,0,0,0,0,0,0,0,0,2.87089380727898,2.00286504198279,0,2.62615392477935,0,2.32567743477466,3.48878178667972,2.8654123694741,0,2.8654123694741,3.49109286574537,0,0,0,0,0,3.98213805405628,0,0,3.09443739290422,0,0,0,2.21447567900599,0,0,4.19831066351299,0,0,0,0,0,0,0,2.49514328641769,0,3.56793053402898,0,2.73496615500187,0,2.86854049623893,0,0,0,0,3.91121484541747,0,0,0,0,0,0,0,3.43932495007774,0,0,3.05217358445894,0,3.00173715267589,0,4.65942314852132,3.30746490399945,0
gene209,0,0,0,0,0,0,0,0,2.2874265325632,0,0,0,0,0,0,0,0,0,0,0,0,3.00720467471623,0,0,0,0,0,0,0,0,0,0,0,0,0,0,0,0,0,0,0,0,0,2.21447567900599,0,0,2.85609327444067,3.09443739290422,2.30999856153725,0,0,0,0,0,0,0,0,0,0,0,0,0,0,0,0,0,0,0,0,0,0,0,0,0,0,0,0,3.79217135767989,0,0,0,0,0
gene210,0,0,0,0,0,0,0,0,0,0,0,0,0,0,0,0,0,0,2.97841908235231,0,2.87089380727898,0,3.29487440202243,2.62615392477935,0,0,0,0,0,0,3.70812426444933,0,2.60733178829351,0,0,0,0,0,0,0,0,0,0,0,0,2.51999796959927,3.24220805634212,0,0,0,2.95052264812006,0,0,0,0,0,0,0,0,0,0,0,0,0,0,0,2.76442350715612,0,0,0,2.90206446205225,0,0,0,1.73531514495429,0,0,0,0,0,3.30114832223832,0,0
gene211,0,0,0,0,0,0,0,0,0,0,0,0,0,0,0,0,1.98154045364792,0,0,0,0,0,0,0,0,2.32567743477466,0,0,0,0,0,0,0,0,0,0,0,0,0,0,0,3.06571987848673,0,0,0,0,0,0,0,0,0,0,0,0,0,0,0,0,0,0,0,0,0,4.61512051684126,0,0,0,0,0,0,0,0,0,0,0,0,0,0,0,0,0,0,0
gene212,2.32069378202026,2.76826340541852,3.60664647619156,0,0,2.52157578583493,0,2.87799118332661,0,0,0,2.88116376274183,2.59692199152242,0,0,0,0,0,2.3348933362267,0,2.23284851693176,2.00286504198279,4.18867039309371,2.62615392477935,0,2.32567743477466,2.82571565195042,3.74692967032708,0,2.8654123694741,2.19226222776456,0,0,0,2.8499342352407,4.2096800377584,0,0,0,0,0,3.06571987848673,3.77398298395123,2.21447567900599,0,3.17208366336144,4.06692281910447,0,0,0,2.95052264812006,2.91352404047583,2.54560039204683,0,3.53719606543099,3.00720467471623,0,1.93857473574708,4.07136397990904,0,2.86854049623893,4.43340574368716,3.66785852774081,0,2.65149611519828,0,0,4.82062429390602,3.60316593583991,2.7948994212346,0,0,0,2.77776009383232,0,3.29863366597572,0,2.73766512164114,3.00173715267589,0,0,0,2.93099260826046
gene213,0,0,0,0,0,0,0,0,0,0,0,0,0,0,0,0,0,2.76233604598158,0,0,0,0,0,0,0,0,0,3.52966631275066,0,0,0,0,0,0,0,0,0,0,0,0,0,0,0,0,0,0,0,0,0,0,0,0,0,0,0,4.07230867382292,0,2.55704744654248,0,0,0,0,0,0,0,0,0,0,0,0,3.56737284222055,0,0,0,0,0,0,0,3.00173715267589,0,0,0,0
gene214,0,0,0,0,0,0,0,0,0,0,0,0,0,0,0,0,0,0,0,0,0,0,0,0,0,0,0,0,0,0,0,0,0,0,0,0,0,0,0,0,0,0,0,0,0,4.74741351921464,0,0,0,0,0,0,0,0,0,0,0,0,0,0,0,0,0,0,0,0,0,0,0,0,0,0,0,0,0,0,0,0,0,3.9956615717457,0,0,0
